Workbook

Sheet 시작하기
B2: 제이슨의 머니쇼 가계부 2026
B3: 흔들리지 않는 돈 관리는, 내 돈이 어디로 가는지 아는 것에서 시작합니다.
B6: STEP 1 · 설정 | C6: ‘설정’ 시트에서 수입원·고정지출·지출 카테고리·저축 목표의 이름과 금액을 적어요. 한 번만 적으면 12개월 시트에 자동 반영됩니다.
B7: STEP 2 · 매달 기록 | C7: 각 ‘월’ 시트의 ‘변동지출 기록’에 날짜·분류·금액만 적으면 돼요. 분류 칸을 누르면 목록에서 고를 수 있어요.
B8: STEP 3 · 한눈에 보기 | C8: ‘이번 달 한눈에’·‘카테고리별 예산 vs 사용’·차트가 자동으로 계산됩니다. ‘연간 대시보드’에서 1년 흐름을 봅니다.
B9: 색깔 안내 | C9: 민트색 칸은 자동 계산되는 칸이에요. 직접 지우거나 고치지 마세요. 흰 칸에만 입력하면 됩니다.
B10: 숫자 단위 | C10: 모든 금액은 원(₩) 단위입니다. 숫자만 입력하면 자동으로 ₩ 표시가 붙어요.
B11: 내 것으로 쓰기 | C11: 이 파일은 ‘사본 만들기’로 받은 내 구글 시트예요. 항목 이름·카테고리·행 개수 모두 자유롭게 바꿔도 됩니다.
B12: 색 구분 | C12: ■ 민트색 = 자동 계산 칸 (건드리지 마세요) · □ 흰색 = 직접 입력 칸
B14: 구성 (탭) | C14: 시작하기 · 설정 · 연간 대시보드 · 1~12월 · 카테고리 개요 · 저축 목표 · 순자산 · 고정지출·구독
B16: 안내 · 면책 | C16: 이 가계부는 가계 재무 정리를 돕는 교육용 도구이며, 개별 투자자문이 아닙니다. 수익·원금을 보장하지 않으며 최종 판단과 책임은 본인에게 있습니다. 제작: 제이슨의 머니쇼.

Sheet 설정
B2: 설정 · 내 항목과 금액 정하기
B3: 흰 칸에 내 상황에 맞는 이름과 금액을 적어주세요. 모든 달 시트에 자동으로 반영됩니다.
B4: ① 수입원
B5: 항목 | C5: 월 예상
B6: 월급 (본업) | C6: 3500000
B7: 부수입 / 사이드잡 | C7: 400000
B8: 상여 / 보너스 | C8: 0
B9: 이자 / 배당 | C9: 50000
B10: 용돈 / 기타 | C10: 0
B14: ② 고정지출
B15: 항목 | C15: 월 금액 | D15: 결제일
B16: 월세 / 주택대출 상환 | C16: 600000 | D16: 25일
B17: 관리비 | C17: 150000 | D17: 30일
B18: 통신비 (휴대폰·인터넷) | C18: 88000 | D18: 15일
B19: 보험료 | C19: 120000 | D19: 5일
B20: 구독 서비스 | C20: 29000 | D20: 10일
B21: 교통 정기권 | C21: 62000 | D21: 1일
B22: 적금 | C22: 300000 | D22: 25일
B23: 청약저축 | C23: 100000 | D23: 25일
B24: 대출 이자 | C24: 180000 | D24: 25일
B25: 공과금 (전기·가스·수도) | C25: 140000 | D25: 말일
B29: ③ 지출 카테고리 (변동)
B30: 항목 | C30: 월 예산
B31: 식비 (장보기) | C31: 350000
B32: 외식 / 카페 | C32: 200000
B33: 생활용품 | C33: 80000
B34: 교통 / 차량 | C34: 120000
B35: 의료 / 건강 | C35: 60000
B36: 의류 / 미용 | C36: 100000
B37: 교육 / 자기계발 | C37: 80000
B38: 문화 / 여가 | C38: 80000
B39: 경조사 / 선물 | C39: 100000
B40: 자녀 / 육아 | C40: 0
B41: 반려동물 | C41: 0
B42: 여행 | C42: 100000
... B45: 기타 | C45: 80000
B47: ④ 저축·투자 목표 (월 정기)
B48: 항목 | C48: 월 목표
B49: 비상금 | C49: 150000
B50: 청약 / 내집마련 | C50: 100000
B51: 투자 (ETF·주식) | C51: 400000
B52: 여행 자금 | C52: 100000
B53: 노후 / 연금 | C53: 200000
B54: 목표 저축 | C54: 150000

Sheet 연간 대시보드
B2: 연간 대시보드 · 2026
B3: 각 달 시트에 기록하면 아래 표와 그래프가 자동으로 채워집니다.
B5: 연 총수입 | D5: 연 총지출 | F5: 연 저축·투자 | H5: 평균 저축률 | J5: 최근 순자산
B6: =SUM(C8:C19) -> 3950000 | D6: =SUM(D8:D19) -> 2478000 | F6: =SUM(E8:E19) -> 1100000 | H6: =IFERROR((SUM(C8:C19)-SUM(D8:D19))/SUM(C8:C19),0) -> 0.37265823 | J6: =순자산!C3 -> 99700000
B7: 월 | C7: 수입 | D7: 지출 | E7: 저축·투자 | F7: 남은 돈 | G7: 저축률
B8: 1월 | C8: ='1월'!D4 -> 3950000 | D8: ='1월'!D5 -> 2478000 | E8: ='1월'!D6 -> 1100000 | F8: ='1월'!D7 -> 372000 | G8: ='1월'!D8 -> 0.37265823
B9: 2월 | C9: ='2월'!D4 -> 0 | D9: ='2월'!D5 -> 0 | E9: ='2월'!D6 -> 0 | F9: ='2월'!D7 -> 0 | G9: ='2월'!D8 -> 0
B10: 3월 | C10: ='3월'!D4 -> 0 | D10: ='3월'!D5 -> 0 | E10: ='3월'!D6 -> 0 | F10: ='3월'!D7 -> 0 | G10: ='3월'!D8 -> 0
B11: 4월 | C11: ='4월'!D4 -> 0 | D11: ='4월'!D5 -> 0 | E11: ='4월'!D6 -> 0 | F11: ='4월'!D7 -> 0 | G11: ='4월'!D8 -> 0
B12: 5월 | C12: ='5월'!D4 -> 0 | D12: ='5월'!D5 -> 0 | E12: ='5월'!D6 -> 0 | F12: ='5월'!D7 -> 0 | G12: ='5월'!D8 -> 0
B13: 6월 | C13: ='6월'!D4 -> 0 | D13: ='6월'!D5 -> 0 | E13: ='6월'!D6 -> 0 | F13: ='6월'!D7 -> 0 | G13: ='6월'!D8 -> 0
B14: 7월 | C14: ='7월'!D4 -> 0 | D14: ='7월'!D5 -> 0 | E14: ='7월'!D6 -> 0 | F14: ='7월'!D7 -> 0 | G14: ='7월'!D8 -> 0
B15: 8월 | C15: ='8월'!D4 -> 0 | D15: ='8월'!D5 -> 0 | E15: ='8월'!D6 -> 0 | F15: ='8월'!D7 -> 0 | G15: ='8월'!D8 -> 0
B16: 9월 | C16: ='9월'!D4 -> 0 | D16: ='9월'!D5 -> 0 | E16: ='9월'!D6 -> 0 | F16: ='9월'!D7 -> 0 | G16: ='9월'!D8 -> 0
B17: 10월 | C17: ='10월'!D4 -> 0 | D17: ='10월'!D5 -> 0 | E17: ='10월'!D6 -> 0 | F17: ='10월'!D7 -> 0 | G17: ='10월'!D8 -> 0
B18: 11월 | C18: ='11월'!D4 -> 0 | D18: ='11월'!D5 -> 0 | E18: ='11월'!D6 -> 0 | F18: ='11월'!D7 -> 0 | G18: ='11월'!D8 -> 0
B19: 12월 | C19: ='12월'!D4 -> 0 | D19: ='12월'!D5 -> 0 | E19: ='12월'!D6 -> 0 | F19: ='12월'!D7 -> 0 | G19: ='12월'!D8 -> 0
B20: 합계 | C20: =SUM(C8:C19) -> 3950000 | D20: =SUM(D8:D19) -> 2478000 | E20: =SUM(E8:E19) -> 1100000 | F20: =SUM(F8:F19) -> 372000 | G20: =IFERROR((C20-D20)/C20,0) -> 0.37265823
B21: 월평균 | C21: =AVERAGE(C8:C19) -> 329166.67 | D21: =AVERAGE(D8:D19) -> 206500 | E21: =AVERAGE(E8:E19) -> 91666.667 | F21: =AVERAGE(F8:F19) -> 31000 | G21: =IFERROR(AVERAGE(G8:G19),0) -> 0.031054852
M43: 연간 지출·저축 구성
M44: 고정지출 | N44: ='1월'!E35+'2월'!E35+'3월'!E35+'4월'!E35+'5월'!E35+'6월'!E35+'7월'!E35+'8월'!E35+'9월'!E35+'10월'!E35+'11월'!E35+'12월'!E35 -> 1769000
M45: 변동지출 | N45: =D20-N44 -> 709000
M46: 저축·투자 | N46: =E20 -> 1100000

Sheet 1월
B1: 1월 가계부 | L1: 제이슨의 머니쇼 · 2026 | V1: 월 지출(전체) 차트 데이터
V2: =IF(L5="","",L5) -> 식비 (장보기) | W2: =N5 -> 183000
B3: 이번 달 한눈에 | G3: 변동지출 기록 | L3: 카테고리별 예산 vs 사용 | R3: 차트 데이터 | V3: =IF(L6="","",L6) -> 외식 / 카페 | W3: =N6 -> 96000
B4: 총수입 | D4: =D19 -> 3950000 | G4: 날짜 | H4: 분류 | I4: 내용 | J4: 금액 | L4: 분류 | M4: 예산 | N4: 사용 | O4: 달성 | P4: 진행 | R4: 구분 | S4: 예산 | T4: 실제 | V4: =IF(L7="","",L7) -> 생활용품 | W4: =N7 -> 23000
B5: 총지출 | D5: =E35+J55 -> 2478000 | G5: 2 | H5: 식비 (장보기) | I5: 이마트 장보기 | J5: 68000 | L5: =IF(설정!$B$31="","",설정!$B$31) -> 식비 (장보기) | M5: =IF(설정!$C$31="","",설정!$C$31) -> 350000 | N5: =SUMIF($H$5:$H$54,L5,$J$5:$J$54) -> 183000 | O5: =IFERROR(N5/M5,0) -> 0.52285714 | P5: =IF(M5="","",REPT("■",MIN(10,ROUND(O5*10,0)))&REPT("□",10-MIN(10,ROUND(O5*10,0)))) -> ■■■■■□□□□□ | R5: 수입 | S5: =C19 -> 3950000 | T5: =D19 -> 3950000 | V5: =IF(L8="","",L8) -> 교통 / 차량 | W5: =N8 -> 70000
B6: 저축·투자 | D6: =D45 -> 1100000 | G6: 3 | H6: 외식 / 카페 | I6: 점심 약속 | J6: 32000 | L6: =IF(설정!$B$32="","",설정!$B$32) -> 외식 / 카페 | M6: =IF(설정!$C$32="","",설정!$C$32) -> 200000 | N6: =SUMIF($H$5:$H$54,L6,$J$5:$J$54) -> 96000 | O6: =IFERROR(N6/M6,0) -> 0.48 | P6: =IF(M6="","",REPT("■",MIN(10,ROUND(O6*10,0)))&REPT("□",10-MIN(10,ROUND(O6*10,0)))) -> ■■■■■□□□□□ | R6: 지출 | S6: =C35+M20 -> 3179000 | T6: =E35+J55 -> 2478000 | V6: =IF(L9="","",L9) -> 의료 / 건강 | W6: =N9 -> 12000
B7: 남은 돈 | D7: =D4-D5-D6 -> 372000 | G7: 5 | H7: 교통 / 차량 | I7: 주유 | J7: 70000 | L7: =IF(설정!$B$33="","",설정!$B$33) -> 생활용품 | M7: =IF(설정!$C$33="","",설정!$C$33) -> 80000 | N7: =SUMIF($H$5:$H$54,L7,$J$5:$J$54) -> 23000 | O7: =IFERROR(N7/M7,0) -> 0.2875 | P7: =IF(M7="","",REPT("■",MIN(10,ROUND(O7*10,0)))&REPT("□",10-MIN(10,ROUND(O7*10,0)))) -> ■■■□□□□□□□ | R7: 저축 | S7: =C45 -> 1100000 | T7: =D45 -> 1100000 | V7: =IF(L10="","",L10) -> 의류 / 미용 | W7: =N10 -> 45000
B8: 저축률 | D8: =IFERROR((D4-D5)/D4,0) -> 0.37265823 | G8: 6 | H8: 문화 / 여가 | I8: 영화 관람 | J8: 28000 | L8: =IF(설정!$B$34="","",설정!$B$34) -> 교통 / 차량 | M8: =IF(설정!$C$34="","",설정!$C$34) -> 120000 | N8: =SUMIF($H$5:$H$54,L8,$J$5:$J$54) -> 70000 | O8: =IFERROR(N8/M8,0) -> 0.58333333 | P8: =IF(M8="","",REPT("■",MIN(10,ROUND(O8*10,0)))&REPT("□",10-MIN(10,ROUND(O8*10,0)))) -> ■■■■■■□□□□ | V8: =IF(L11="","",L11) -> 교육 / 자기계발 | W8: =N11 -> 39000
G9: 8 | H9: 식비 (장보기) | I9: 동네 마트 | J9: 54000 | L9: =IF(설정!$B$35="","",설정!$B$35) -> 의료 / 건강 | M9: =IF(설정!$C$35="","",설정!$C$35) -> 60000 | N9: =SUMIF($H$5:$H$54,L9,$J$5:$J$54) -> 12000 | O9: =IFERROR(N9/M9,0) -> 0.2 | P9: =IF(M9="","",REPT("■",MIN(10,ROUND(O9*10,0)))&REPT("□",10-MIN(10,ROUND(O9*10,0)))) -> ■■□□□□□□□□ | R9: 고정지출 | S9: =E35 -> 1769000 | V9: =IF(L12="","",L12) -> 문화 / 여가 | W9: =N12 -> 28000
B10: 수입 | G10: 9 | H10: 의류 / 미용 | I10: 미용실 | J10: 45000 | L10: =IF(설정!$B$36="","",설정!$B$36) -> 의류 / 미용 | M10: =IF(설정!$C$36="","",설정!$C$36) -> 100000 | N10: =SUMIF($H$5:$H$54,L10,$J$5:$J$54) -> 45000 | O10: =IFERROR(N10/M10,0) -> 0.45 | P10: =IF(M10="","",REPT("■",MIN(10,ROUND(O10*10,0)))&REPT("□",10-MIN(10,ROUND(O10*10,0)))) -> ■■■■■□□□□□ | R10: 변동지출 | S10: =J55 -> 709000 | V10: =IF(L13="","",L13) -> 경조사 / 선물 | W10: =N13 -> 50000
B11: 항목 | C11: 예상 | D11: 실제 | E11: 차이 | G11: 11 | H11: 외식 / 카페 | I11: 주말 카페 | J11: 18000 | L11: =IF(설정!$B$37="","",설정!$B$37) -> 교육 / 자기계발 | M11: =IF(설정!$C$37="","",설정!$C$37) -> 80000 | N11: =SUMIF($H$5:$H$54,L11,$J$5:$J$54) -> 39000 | O11: =IFERROR(N11/M11,0) -> 0.4875 | P11: =IF(M11="","",REPT("■",MIN(10,ROUND(O11*10,0)))&REPT("□",10-MIN(10,ROUND(O11*10,0)))) -> ■■■■■□□□□□ | V11: =IF(L14="","",L14) -> 자녀 / 육아 | W11: =N14 -> 0
B12: =IF(설정!$B$6="","",설정!$B$6) -> 월급 (본업) | C12: =IF(설정!$C$6="","",설정!$C$6) -> 3500000 | D12: 3500000 | E12: =IF(D12="","",D12-C12) -> 0 | G12: 13 | H12: 생활용품 | I12: 다이소 | J12: 23000 | L12: =IF(설정!$B$38="","",설정!$B$38) -> 문화 / 여가 | M12: =IF(설정!$C$38="","",설정!$C$38) -> 80000 | N12: =SUMIF($H$5:$H$54,L12,$J$5:$J$54) -> 28000 | O12: =IFERROR(N12/M12,0) -> 0.35 | P12: =IF(M12="","",REPT("■",MIN(10,ROUND(O12*10,0)))&REPT("□",10-MIN(10,ROUND(O12*10,0)))) -> ■■■■□□□□□□ | V12: =IF(L15="","",L15) -> 반려동물 | W12: =N15 -> 0
B13: =IF(설정!$B$7="","",설정!$B$7) -> 부수입 / 사이드잡 | C13: =IF(설정!$C$7="","",설정!$C$7) -> 400000 | D13: 400000 | E13: =IF(D13="","",D13-C13) -> 0 | G13: 15 | H13: 의료 / 건강 | I13: 약국 | J13: 12000 | L13: =IF(설정!$B$39="","",설정!$B$39) -> 경조사 / 선물 | M13: =IF(설정!$C$39="","",설정!$C$39) -> 100000 | N13: =SUMIF($H$5:$H$54,L13,$J$5:$J$54) -> 50000 | O13: =IFERROR(N13/M13,0) -> 0.5 | P13: =IF(M13="","",REPT("■",MIN(10,ROUND(O13*10,0)))&REPT("□",10-MIN(10,ROUND(O13*10,0)))) -> ■■■■■□□□□□ | V13: =IF(L16="","",L16) -> 여행 | W13: =N16 -> 120000
B14: =IF(설정!$B$8="","",설정!$B$8) -> 상여 / 보너스 | C14: =IF(설정!$C$8="","",설정!$C$8) -> 0 | D14: 0 | E14: =IF(D14="","",D14-C14) -> 0 | G14: 17 | H14: 경조사 / 선물 | I14: 친구 생일선물 | J14: 50000 | L14: =IF(설정!$B$40="","",설정!$B$40) -> 자녀 / 육아 | M14: =IF(설정!$C$40="","",설정!$C$40) -> 0 | N14: =SUMIF($H$5:$H$54,L14,$J$5:$J$54) -> 0 | O14: =IFERROR(N14/M14,0) -> 0 | P14: =IF(M14="","",REPT("■",MIN(10,ROUND(O14*10,0)))&REPT("□",10-MIN(10,ROUND(O14*10,0)))) -> □□□□□□□□□□ | V14: =IF(L17="","",L17) -> 통신 / 디지털 | W14: =N17 -> 13000
B15: =IF(설정!$B$9="","",설정!$B$9) -> 이자 / 배당 | C15: =IF(설정!$C$9="","",설정!$C$9) -> 50000 | D15: 50000 | E15: =IF(D15="","",D15-C15) -> 0 | G15: 19 | H15: 여행 | I15: 주말 여행 숙박 | J15: 120000 | L15: =IF(설정!$B$41="","",설정!$B$41) -> 반려동물 | M15: =IF(설정!$C$41="","",설정!$C$41) -> 0 | N15: =SUMIF($H$5:$H$54,L15,$J$5:$J$54) -> 0 | O15: =IFERROR(N15/M15,0) -> 0 | P15: =IF(M15="","",REPT("■",MIN(10,ROUND(O15*10,0)))&REPT("□",10-MIN(10,ROUND(O15*10,0)))) -> □□□□□□□□□□ | V15: =IF(L18="","",L18) -> 기부 / 후원 | W15: =N18 -> 30000
B16: =IF(설정!$B$10="","",설정!$B$10) -> 용돈 / 기타 | C16: =IF(설정!$C$10="","",설정!$C$10) -> 0 | D16: 0 | E16: =IF(D16="","",D16-C16) -> 0 | G16: 21 | H16: 외식 / 카페 | I16: 저녁 외식 | J16: 46000 | L16: =IF(설정!$B$42="","",설정!$B$42) -> 여행 | M16: =IF(설정!$C$42="","",설정!$C$42) -> 100000 | N16: =SUMIF($H$5:$H$54,L16,$J$5:$J$54) -> 120000 | O16: =IFERROR(N16/M16,0) -> 1.2 | P16: =IF(M16="","",REPT("■",MIN(10,ROUND(O16*10,0)))&REPT("□",10-MIN(10,ROUND(O16*10,0)))) -> ■■■■■■■■■■ | V16: =IF(L19="","",L19) -> 기타 | W16: =N19 -> 0
B17: =IF(설정!$B$11="","",설정!$B$11) | C17: =IF(설정!$C$11="","",설정!$C$11) | E17: =IF(D17="","",D17-C17) | G17: 23 | H17: 식비 (장보기) | I17: 장보기 | J17: 61000 | L17: =IF(설정!$B$43="","",설정!$B$43) -> 통신 / 디지털 | M17: =IF(설정!$C$43="","",설정!$C$43) -> 30000 | N17: =SUMIF($H$5:$H$54,L17,$J$5:$J$54) -> 13000 | O17: =IFERROR(N17/M17,0) -> 0.43333333 | P17: =IF(M17="","",REPT("■",MIN(10,ROUND(O17*10,0)))&REPT("□",10-MIN(10,ROUND(O17*10,0)))) -> ■■■■□□□□□□ | V17: =IF(B23="","",B23) -> 월세 / 주택대출 상환 | W17: =E23 -> 600000
B18: =IF(설정!$B$12="","",설정!$B$12) | C18: =IF(설정!$C$12="","",설정!$C$12) | E18: =IF(D18="","",D18-C18) | G18: 25 | H18: 교육 / 자기계발 | I18: 온라인 강의 | J18: 39000 | L18: =IF(설정!$B$44="","",설정!$B$44) -> 기부 / 후원 | M18: =IF(설정!$C$44="","",설정!$C$44) -> 30000 | N18: =SUMIF($H$5:$H$54,L18,$J$5:$J$54) -> 30000 | O18: =IFERROR(N18/M18,0) -> 1 | P18: =IF(M18="","",REPT("■",MIN(10,ROUND(O18*10,0)))&REPT("□",10-MIN(10,ROUND(O18*10,0)))) -> ■■■■■■■■■■ | V18: =IF(B24="","",B24) -> 관리비 | W18: =E24 -> 150000
B19: 합계 | C19: =SUM(C12:C18) -> 3950000 | D19: =SUM(D12:D18) -> 3950000 | E19: =D19-C19 -> 0 | G19: 27 | H19: 기부 / 후원 | I19: 정기 후원 | J19: 30000 | L19: =IF(설정!$B$45="","",설정!$B$45) -> 기타 | M19: =IF(설정!$C$45="","",설정!$C$45) -> 80000 | N19: =SUMIF($H$5:$H$54,L19,$J$5:$J$54) -> 0 | O19: =IFERROR(N19/M19,0) -> 0 | P19: =IF(M19="","",REPT("■",MIN(10,ROUND(O19*10,0)))&REPT("□",10-MIN(10,ROUND(O19*10,0)))) -> □□□□□□□□□□ | V19: =IF(B25="","",B25) -> 통신비 (휴대폰·인터넷) | W19: =E25 -> 88000
G20: 29 | H20: 통신 / 디지털 | I20: 앱 구독 결제 | J20: 13000 | L20: 합계 | M20: =SUM(M5:M19) -> 1410000 | N20: =SUM(N5:N19) -> 709000 | V20: =IF(B26="","",B26) -> 보험료 | W20: =E26 -> 120000
B21: 고정지출 | V21: =IF(B27="","",B27) -> 구독 서비스 | W21: =E27 -> 29000
B22: 항목 | C22: 예산 | D22: 결제일 | E22: 실제 | V22: =IF(B28="","",B28) -> 교통 정기권 | W22: =E28 -> 62000
B23: =IF(설정!$B$16="","",설정!$B$16) -> 월세 / 주택대출 상환 | C23: =IF(설정!$C$16="","",설정!$C$16) -> 600000 | D23: =IF(설정!$D$16="","",설정!$D$16) -> 25일 | E23: 600000 | V23: =IF(B29="","",B29) -> 적금 | W23: =E29 -> 300000
B24: =IF(설정!$B$17="","",설정!$B$17) -> 관리비 | C24: =IF(설정!$C$17="","",설정!$C$17) -> 150000 | D24: =IF(설정!$D$17="","",설정!$D$17) -> 30일 | E24: 150000 | V24: =IF(B30="","",B30) -> 청약저축 | W24: =E30 -> 100000
B25: =IF(설정!$B$18="","",설정!$B$18) -> 통신비 (휴대폰·인터넷) | C25: =IF(설정!$C$18="","",설정!$C$18) -> 88000 | D25: =IF(설정!$D$18="","",설정!$D$18) -> 15일 | E25: 88000 | V25: =IF(B31="","",B31) -> 대출 이자 | W25: =E31 -> 180000
B26: =IF(설정!$B$19="","",설정!$B$19) -> 보험료 | C26: =IF(설정!$C$19="","",설정!$C$19) -> 120000 | D26: =IF(설정!$D$19="","",설정!$D$19) -> 5일 | E26: 120000 | V26: =IF(B32="","",B32) -> 공과금 (전기·가스·수도) | W26: =E32 -> 140000
B27: =IF(설정!$B$20="","",설정!$B$20) -> 구독 서비스 | C27: =IF(설정!$C$20="","",설정!$C$20) -> 29000 | D27: =IF(설정!$D$20="","",설정!$D$20) -> 10일 | E27: 29000 | V27: =IF(B33="","",B33) | W27: =E33 -> 0
B28: =IF(설정!$B$21="","",설정!$B$21) -> 교통 정기권 | C28: =IF(설정!$C$21="","",설정!$C$21) -> 62000 | D28: =IF(설정!$D$21="","",설정!$D$21) -> 1일 | E28: 62000 | V28: =IF(B34="","",B34) | W28: =E34 -> 0
B29: =IF(설정!$B$22="","",설정!$B$22) -> 적금 | C29: =IF(설정!$C$22="","",설정!$C$22) -> 300000 | D29: =IF(설정!$D$22="","",설정!$D$22) -> 25일 | E29: 300000
B30: =IF(설정!$B$23="","",설정!$B$23) -> 청약저축 | C30: =IF(설정!$C$23="","",설정!$C$23) -> 100000 | D30: =IF(설정!$D$23="","",설정!$D$23) -> 25일 | E30: 100000
B31: =IF(설정!$B$24="","",설정!$B$24) -> 대출 이자 | C31: =IF(설정!$C$24="","",설정!$C$24) -> 180000 | D31: =IF(설정!$D$24="","",설정!$D$24) -> 25일 | E31: 180000
B32: =IF(설정!$B$25="","",설정!$B$25) -> 공과금 (전기·가스·수도) | C32: =IF(설정!$C$25="","",설정!$C$25) -> 140000 | D32: =IF(설정!$D$25="","",설정!$D$25) -> 말일 | E32: 140000
B33: =IF(설정!$B$26="","",설정!$B$26) | C33: =IF(설정!$C$26="","",설정!$C$26) | D33: =IF(설정!$D$26="","",설정!$D$26)
B34: =IF(설정!$B$27="","",설정!$B$27) | C34: =IF(설정!$C$27="","",설정!$C$27) | D34: =IF(설정!$D$27="","",설정!$D$27)
B35: 합계 | C35: =SUM(C23:C34) -> 1769000 | E35: =SUM(E23:E34) -> 1769000
B37: 저축·투자
B38: 항목 | C38: 목표 | D38: 실제 | E38: 차이
B39: =IF(설정!$B$49="","",설정!$B$49) -> 비상금 | C39: =IF(설정!$C$49="","",설정!$C$49) -> 150000 | D39: 150000 | E39: =IF(D39="","",D39-C39) -> 0
B40: =IF(설정!$B$50="","",설정!$B$50) -> 청약 / 내집마련 | C40: =IF(설정!$C$50="","",설정!$C$50) -> 100000 | D40: 100000 | E40: =IF(D40="","",D40-C40) -> 0
B41: =IF(설정!$B$51="","",설정!$B$51) -> 투자 (ETF·주식) | C41: =IF(설정!$C$51="","",설정!$C$51) -> 400000 | D41: 400000 | E41: =IF(D41="","",D41-C41) -> 0
B42: =IF(설정!$B$52="","",설정!$B$52) -> 여행 자금 | C42: =IF(설정!$C$52="","",설정!$C$52) -> 100000 | D42: 100000 | E42: =IF(D42="","",D42-C42) -> 0
B43: =IF(설정!$B$53="","",설정!$B$53) -> 노후 / 연금 | C43: =IF(설정!$C$53="","",설정!$C$53) -> 200000 | D43: 200000 | E43: =IF(D43="","",D43-C43) -> 0
B44: =IF(설정!$B$54="","",설정!$B$54) -> 목표 저축 | C44: =IF(설정!$C$54="","",설정!$C$54) -> 150000 | D44: 150000 | E44: =IF(D44="","",D44-C44) -> 0
B45: 합계 | C45: =SUM(C39:C44) -> 1100000 | D45: =SUM(D39:D44) -> 1100000 | E45: =D45-C45 -> 0
B47: 이달의 메모 · 회고
G55: 합계 | J55: =SUM(J5:J54) -> 709000

Sheet 2월
B1: 2월 가계부 | L1: 제이슨의 머니쇼 · 2026 | V1: 월 지출(전체) 차트 데이터
V2: =IF(L5="","",L5) -> 식비 (장보기) | W2: =N5 -> 0
B3: 이번 달 한눈에 | G3: 변동지출 기록 | L3: 카테고리별 예산 vs 사용 | R3: 차트 데이터 | V3: =IF(L6="","",L6) -> 외식 / 카페 | W3: =N6 -> 0
B4: 총수입 | D4: =D19 -> 0 | G4: 날짜 | H4: 분류 | I4: 내용 | J4: 금액 | L4: 분류 | M4: 예산 | N4: 사용 | O4: 달성 | P4: 진행 | R4: 구분 | S4: 예산 | T4: 실제 | V4: =IF(L7="","",L7) -> 생활용품 | W4: =N7 -> 0
B5: 총지출 | D5: =E35+J55 -> 0 | L5: =IF(설정!$B$31="","",설정!$B$31) -> 식비 (장보기) | M5: =IF(설정!$C$31="","",설정!$C$31) -> 350000 | N5: =SUMIF($H$5:$H$54,L5,$J$5:$J$54) -> 0 | O5: =IFERROR(N5/M5,0) -> 0 | P5: =IF(M5="","",REPT("■",MIN(10,ROUND(O5*10,0)))&REPT("□",10-MIN(10,ROUND(O5*10,0)))) -> □□□□□□□□□□ | R5: 수입 | S5: =C19 -> 3950000 | T5: =D19 -> 0 | V5: =IF(L8="","",L8) -> 교통 / 차량 | W5: =N8 -> 0
B6: 저축·투자 | D6: =D45 -> 0 | L6: =IF(설정!$B$32="","",설정!$B$32) -> 외식 / 카페 | M6: =IF(설정!$C$32="","",설정!$C$32) -> 200000 | N6: =SUMIF($H$5:$H$54,L6,$J$5:$J$54) -> 0 | O6: =IFERROR(N6/M6,0) -> 0 | P6: =IF(M6="","",REPT("■",MIN(10,ROUND(O6*10,0)))&REPT("□",10-MIN(10,ROUND(O6*10,0)))) -> □□□□□□□□□□ | R6: 지출 | S6: =C35+M20 -> 3179000 | T6: =E35+J55 -> 0 | V6: =IF(L9="","",L9) -> 의료 / 건강 | W6: =N9 -> 0
B7: 남은 돈 | D7: =D4-D5-D6 -> 0 | L7: =IF(설정!$B$33="","",설정!$B$33) -> 생활용품 | M7: =IF(설정!$C$33="","",설정!$C$33) -> 80000 | N7: =SUMIF($H$5:$H$54,L7,$J$5:$J$54) -> 0 | O7: =IFERROR(N7/M7,0) -> 0 | P7: =IF(M7="","",REPT("■",MIN(10,ROUND(O7*10,0)))&REPT("□",10-MIN(10,ROUND(O7*10,0)))) -> □□□□□□□□□□ | R7: 저축 | S7: =C45 -> 1100000 | T7: =D45 -> 0 | V7: =IF(L10="","",L10) -> 의류 / 미용 | W7: =N10 -> 0
B8: 저축률 | D8: =IFERROR((D4-D5)/D4,0) -> 0 | L8: =IF(설정!$B$34="","",설정!$B$34) -> 교통 / 차량 | M8: =IF(설정!$C$34="","",설정!$C$34) -> 120000 | N8: =SUMIF($H$5:$H$54,L8,$J$5:$J$54) -> 0 | O8: =IFERROR(N8/M8,0) -> 0 | P8: =IF(M8="","",REPT("■",MIN(10,ROUND(O8*10,0)))&REPT("□",10-MIN(10,ROUND(O8*10,0)))) -> □□□□□□□□□□ | V8: =IF(L11="","",L11) -> 교육 / 자기계발 | W8: =N11 -> 0
L9: =IF(설정!$B$35="","",설정!$B$35) -> 의료 / 건강 | M9: =IF(설정!$C$35="","",설정!$C$35) -> 60000 | N9: =SUMIF($H$5:$H$54,L9,$J$5:$J$54) -> 0 | O9: =IFERROR(N9/M9,0) -> 0 | P9: =IF(M9="","",REPT("■",MIN(10,ROUND(O9*10,0)))&REPT("□",10-MIN(10,ROUND(O9*10,0)))) -> □□□□□□□□□□ | R9: 고정지출 | S9: =E35 -> 0 | V9: =IF(L12="","",L12) -> 문화 / 여가 | W9: =N12 -> 0
B10: 수입 | L10: =IF(설정!$B$36="","",설정!$B$36) -> 의류 / 미용 | M10: =IF(설정!$C$36="","",설정!$C$36) -> 100000 | N10: =SUMIF($H$5:$H$54,L10,$J$5:$J$54) -> 0 | O10: =IFERROR(N10/M10,0) -> 0 | P10: =IF(M10="","",REPT("■",MIN(10,ROUND(O10*10,0)))&REPT("□",10-MIN(10,ROUND(O10*10,0)))) -> □□□□□□□□□□ | R10: 변동지출 | S10: =J55 -> 0 | V10: =IF(L13="","",L13) -> 경조사 / 선물 | W10: =N13 -> 0
B11: 항목 | C11: 예상 | D11: 실제 | E11: 차이 | L11: =IF(설정!$B$37="","",설정!$B$37) -> 교육 / 자기계발 | M11: =IF(설정!$C$37="","",설정!$C$37) -> 80000 | N11: =SUMIF($H$5:$H$54,L11,$J$5:$J$54) -> 0 | O11: =IFERROR(N11/M11,0) -> 0 | P11: =IF(M11="","",REPT("■",MIN(10,ROUND(O11*10,0)))&REPT("□",10-MIN(10,ROUND(O11*10,0)))) -> □□□□□□□□□□ | V11: =IF(L14="","",L14) -> 자녀 / 육아 | W11: =N14 -> 0
B12: =IF(설정!$B$6="","",설정!$B$6) -> 월급 (본업) | C12: =IF(설정!$C$6="","",설정!$C$6) -> 3500000 | E12: =IF(D12="","",D12-C12) | L12: =IF(설정!$B$38="","",설정!$B$38) -> 문화 / 여가 | M12: =IF(설정!$C$38="","",설정!$C$38) -> 80000 | N12: =SUMIF($H$5:$H$54,L12,$J$5:$J$54) -> 0 | O12: =IFERROR(N12/M12,0) -> 0 | P12: =IF(M12="","",REPT("■",MIN(10,ROUND(O12*10,0)))&REPT("□",10-MIN(10,ROUND(O12*10,0)))) -> □□□□□□□□□□ | V12: =IF(L15="","",L15) -> 반려동물 | W12: =N15 -> 0
B13: =IF(설정!$B$7="","",설정!$B$7) -> 부수입 / 사이드잡 | C13: =IF(설정!$C$7="","",설정!$C$7) -> 400000 | E13: =IF(D13="","",D13-C13) | L13: =IF(설정!$B$39="","",설정!$B$39) -> 경조사 / 선물 | M13: =IF(설정!$C$39="","",설정!$C$39) -> 100000 | N13: =SUMIF($H$5:$H$54,L13,$J$5:$J$54) -> 0 | O13: =IFERROR(N13/M13,0) -> 0 | P13: =IF(M13="","",REPT("■",MIN(10,ROUND(O13*10,0)))&REPT("□",10-MIN(10,ROUND(O13*10,0)))) -> □□□□□□□□□□ | V13: =IF(L16="","",L16) -> 여행 | W13: =N16 -> 0
B14: =IF(설정!$B$8="","",설정!$B$8) -> 상여 / 보너스 | C14: =IF(설정!$C$8="","",설정!$C$8) -> 0 | E14: =IF(D14="","",D14-C14) | L14: =IF(설정!$B$40="","",설정!$B$40) -> 자녀 / 육아 | M14: =IF(설정!$C$40="","",설정!$C$40) -> 0 | N14: =SUMIF($H$5:$H$54,L14,$J$5:$J$54) -> 0 | O14: =IFERROR(N14/M14,0) -> 0 | P14: =IF(M14="","",REPT("■",MIN(10,ROUND(O14*10,0)))&REPT("□",10-MIN(10,ROUND(O14*10,0)))) -> □□□□□□□□□□ | V14: =IF(L17="","",L17) -> 통신 / 디지털 | W14: =N17 -> 0
B15: =IF(설정!$B$9="","",설정!$B$9) -> 이자 / 배당 | C15: =IF(설정!$C$9="","",설정!$C$9) -> 50000 | E15: =IF(D15="","",D15-C15) | L15: =IF(설정!$B$41="","",설정!$B$41) -> 반려동물 | M15: =IF(설정!$C$41="","",설정!$C$41) -> 0 | N15: =SUMIF($H$5:$H$54,L15,$J$5:$J$54) -> 0 | O15: =IFERROR(N15/M15,0) -> 0 | P15: =IF(M15="","",REPT("■",MIN(10,ROUND(O15*10,0)))&REPT("□",10-MIN(10,ROUND(O15*10,0)))) -> □□□□□□□□□□ | V15: =IF(L18="","",L18) -> 기부 / 후원 | W15: =N18 -> 0
B16: =IF(설정!$B$10="","",설정!$B$10) -> 용돈 / 기타 | C16: =IF(설정!$C$10="","",설정!$C$10) -> 0 | E16: =IF(D16="","",D16-C16) | L16: =IF(설정!$B$42="","",설정!$B$42) -> 여행 | M16: =IF(설정!$C$42="","",설정!$C$42) -> 100000 | N16: =SUMIF($H$5:$H$54,L16,$J$5:$J$54) -> 0 | O16: =IFERROR(N16/M16,0) -> 0 | P16: =IF(M16="","",REPT("■",MIN(10,ROUND(O16*10,0)))&REPT("□",10-MIN(10,ROUND(O16*10,0)))) -> □□□□□□□□□□ | V16: =IF(L19="","",L19) -> 기타 | W16: =N19 -> 0
B17: =IF(설정!$B$11="","",설정!$B$11) | C17: =IF(설정!$C$11="","",설정!$C$11) | E17: =IF(D17="","",D17-C17) | L17: =IF(설정!$B$43="","",설정!$B$43) -> 통신 / 디지털 | M17: =IF(설정!$C$43="","",설정!$C$43) -> 30000 | N17: =SUMIF($H$5:$H$54,L17,$J$5:$J$54) -> 0 | O17: =IFERROR(N17/M17,0) -> 0 | P17: =IF(M17="","",REPT("■",MIN(10,ROUND(O17*10,0)))&REPT("□",10-MIN(10,ROUND(O17*10,0)))) -> □□□□□□□□□□ | V17: =IF(B23="","",B23) -> 월세 / 주택대출 상환 | W17: =E23 -> 0
B18: =IF(설정!$B$12="","",설정!$B$12) | C18: =IF(설정!$C$12="","",설정!$C$12) | E18: =IF(D18="","",D18-C18) | L18: =IF(설정!$B$44="","",설정!$B$44) -> 기부 / 후원 | M18: =IF(설정!$C$44="","",설정!$C$44) -> 30000 | N18: =SUMIF($H$5:$H$54,L18,$J$5:$J$54) -> 0 | O18: =IFERROR(N18/M18,0) -> 0 | P18: =IF(M18="","",REPT("■",MIN(10,ROUND(O18*10,0)))&REPT("□",10-MIN(10,ROUND(O18*10,0)))) -> □□□□□□□□□□ | V18: =IF(B24="","",B24) -> 관리비 | W18: =E24 -> 0
B19: 합계 | C19: =SUM(C12:C18) -> 3950000 | D19: =SUM(D12:D18) -> 0 | E19: =D19-C19 -> -3950000 | L19: =IF(설정!$B$45="","",설정!$B$45) -> 기타 | M19: =IF(설정!$C$45="","",설정!$C$45) -> 80000 | N19: =SUMIF($H$5:$H$54,L19,$J$5:$J$54) -> 0 | O19: =IFERROR(N19/M19,0) -> 0 | P19: =IF(M19="","",REPT("■",MIN(10,ROUND(O19*10,0)))&REPT("□",10-MIN(10,ROUND(O19*10,0)))) -> □□□□□□□□□□ | V19: =IF(B25="","",B25) -> 통신비 (휴대폰·인터넷) | W19: =E25 -> 0
L20: 합계 | M20: =SUM(M5:M19) -> 1410000 | N20: =SUM(N5:N19) -> 0 | V20: =IF(B26="","",B26) -> 보험료 | W20: =E26 -> 0
B21: 고정지출 | V21: =IF(B27="","",B27) -> 구독 서비스 | W21: =E27 -> 0
B22: 항목 | C22: 예산 | D22: 결제일 | E22: 실제 | V22: =IF(B28="","",B28) -> 교통 정기권 | W22: =E28 -> 0
B23: =IF(설정!$B$16="","",설정!$B$16) -> 월세 / 주택대출 상환 | C23: =IF(설정!$C$16="","",설정!$C$16) -> 600000 | D23: =IF(설정!$D$16="","",설정!$D$16) -> 25일 | V23: =IF(B29="","",B29) -> 적금 | W23: =E29 -> 0
B24: =IF(설정!$B$17="","",설정!$B$17) -> 관리비 | C24: =IF(설정!$C$17="","",설정!$C$17) -> 150000 | D24: =IF(설정!$D$17="","",설정!$D$17) -> 30일 | V24: =IF(B30="","",B30) -> 청약저축 | W24: =E30 -> 0
B25: =IF(설정!$B$18="","",설정!$B$18) -> 통신비 (휴대폰·인터넷) | C25: =IF(설정!$C$18="","",설정!$C$18) -> 88000 | D25: =IF(설정!$D$18="","",설정!$D$18) -> 15일 | V25: =IF(B31="","",B31) -> 대출 이자 | W25: =E31 -> 0
B26: =IF(설정!$B$19="","",설정!$B$19) -> 보험료 | C26: =IF(설정!$C$19="","",설정!$C$19) -> 120000 | D26: =IF(설정!$D$19="","",설정!$D$19) -> 5일 | V26: =IF(B32="","",B32) -> 공과금 (전기·가스·수도) | W26: =E32 -> 0
B27: =IF(설정!$B$20="","",설정!$B$20) -> 구독 서비스 | C27: =IF(설정!$C$20="","",설정!$C$20) -> 29000 | D27: =IF(설정!$D$20="","",설정!$D$20) -> 10일 | V27: =IF(B33="","",B33) | W27: =E33 -> 0
B28: =IF(설정!$B$21="","",설정!$B$21) -> 교통 정기권 | C28: =IF(설정!$C$21="","",설정!$C$21) -> 62000 | D28: =IF(설정!$D$21="","",설정!$D$21) -> 1일 | V28: =IF(B34="","",B34) | W28: =E34 -> 0
B29: =IF(설정!$B$22="","",설정!$B$22) -> 적금 | C29: =IF(설정!$C$22="","",설정!$C$22) -> 300000 | D29: =IF(설정!$D$22="","",설정!$D$22) -> 25일
B30: =IF(설정!$B$23="","",설정!$B$23) -> 청약저축 | C30: =IF(설정!$C$23="","",설정!$C$23) -> 100000 | D30: =IF(설정!$D$23="","",설정!$D$23) -> 25일
B31: =IF(설정!$B$24="","",설정!$B$24) -> 대출 이자 | C31: =IF(설정!$C$24="","",설정!$C$24) -> 180000 | D31: =IF(설정!$D$24="","",설정!$D$24) -> 25일
B32: =IF(설정!$B$25="","",설정!$B$25) -> 공과금 (전기·가스·수도) | C32: =IF(설정!$C$25="","",설정!$C$25) -> 140000 | D32: =IF(설정!$D$25="","",설정!$D$25) -> 말일
B33: =IF(설정!$B$26="","",설정!$B$26) | C33: =IF(설정!$C$26="","",설정!$C$26) | D33: =IF(설정!$D$26="","",설정!$D$26)
B34: =IF(설정!$B$27="","",설정!$B$27) | C34: =IF(설정!$C$27="","",설정!$C$27) | D34: =IF(설정!$D$27="","",설정!$D$27)
B35: 합계 | C35: =SUM(C23:C34) -> 1769000 | E35: =SUM(E23:E34) -> 0
B37: 저축·투자
B38: 항목 | C38: 목표 | D38: 실제 | E38: 차이
B39: =IF(설정!$B$49="","",설정!$B$49) -> 비상금 | C39: =IF(설정!$C$49="","",설정!$C$49) -> 150000 | E39: =IF(D39="","",D39-C39)
B40: =IF(설정!$B$50="","",설정!$B$50) -> 청약 / 내집마련 | C40: =IF(설정!$C$50="","",설정!$C$50) -> 100000 | E40: =IF(D40="","",D40-C40)
B41: =IF(설정!$B$51="","",설정!$B$51) -> 투자 (ETF·주식) | C41: =IF(설정!$C$51="","",설정!$C$51) -> 400000 | E41: =IF(D41="","",D41-C41)
B42: =IF(설정!$B$52="","",설정!$B$52) -> 여행 자금 | C42: =IF(설정!$C$52="","",설정!$C$52) -> 100000 | E42: =IF(D42="","",D42-C42)
B43: =IF(설정!$B$53="","",설정!$B$53) -> 노후 / 연금 | C43: =IF(설정!$C$53="","",설정!$C$53) -> 200000 | E43: =IF(D43="","",D43-C43)
B44: =IF(설정!$B$54="","",설정!$B$54) -> 목표 저축 | C44: =IF(설정!$C$54="","",설정!$C$54) -> 150000 | E44: =IF(D44="","",D44-C44)
B45: 합계 | C45: =SUM(C39:C44) -> 1100000 | D45: =SUM(D39:D44) -> 0 | E45: =D45-C45 -> -1100000
B47: 이달의 메모 · 회고
G55: 합계 | J55: =SUM(J5:J54) -> 0

Sheet 3월
B1: 3월 가계부 | L1: 제이슨의 머니쇼 · 2026 | V1: 월 지출(전체) 차트 데이터
V2: =IF(L5="","",L5) -> 식비 (장보기) | W2: =N5 -> 0
B3: 이번 달 한눈에 | G3: 변동지출 기록 | L3: 카테고리별 예산 vs 사용 | R3: 차트 데이터 | V3: =IF(L6="","",L6) -> 외식 / 카페 | W3: =N6 -> 0
B4: 총수입 | D4: =D19 -> 0 | G4: 날짜 | H4: 분류 | I4: 내용 | J4: 금액 | L4: 분류 | M4: 예산 | N4: 사용 | O4: 달성 | P4: 진행 | R4: 구분 | S4: 예산 | T4: 실제 | V4: =IF(L7="","",L7) -> 생활용품 | W4: =N7 -> 0
B5: 총지출 | D5: =E35+J55 -> 0 | L5: =IF(설정!$B$31="","",설정!$B$31) -> 식비 (장보기) | M5: =IF(설정!$C$31="","",설정!$C$31) -> 350000 | N5: =SUMIF($H$5:$H$54,L5,$J$5:$J$54) -> 0 | O5: =IFERROR(N5/M5,0) -> 0 | P5: =IF(M5="","",REPT("■",MIN(10,ROUND(O5*10,0)))&REPT("□",10-MIN(10,ROUND(O5*10,0)))) -> □□□□□□□□□□ | R5: 수입 | S5: =C19 -> 3950000 | T5: =D19 -> 0 | V5: =IF(L8="","",L8) -> 교통 / 차량 | W5: =N8 -> 0
B6: 저축·투자 | D6: =D45 -> 0 | L6: =IF(설정!$B$32="","",설정!$B$32) -> 외식 / 카페 | M6: =IF(설정!$C$32="","",설정!$C$32) -> 200000 | N6: =SUMIF($H$5:$H$54,L6,$J$5:$J$54) -> 0 | O6: =IFERROR(N6/M6,0) -> 0 | P6: =IF(M6="","",REPT("■",MIN(10,ROUND(O6*10,0)))&REPT("□",10-MIN(10,ROUND(O6*10,0)))) -> □□□□□□□□□□ | R6: 지출 | S6: =C35+M20 -> 3179000 | T6: =E35+J55 -> 0 | V6: =IF(L9="","",L9) -> 의료 / 건강 | W6: =N9 -> 0
B7: 남은 돈 | D7: =D4-D5-D6 -> 0 | L7: =IF(설정!$B$33="","",설정!$B$33) -> 생활용품 | M7: =IF(설정!$C$33="","",설정!$C$33) -> 80000 | N7: =SUMIF($H$5:$H$54,L7,$J$5:$J$54) -> 0 | O7: =IFERROR(N7/M7,0) -> 0 | P7: =IF(M7="","",REPT("■",MIN(10,ROUND(O7*10,0)))&REPT("□",10-MIN(10,ROUND(O7*10,0)))) -> □□□□□□□□□□ | R7: 저축 | S7: =C45 -> 1100000 | T7: =D45 -> 0 | V7: =IF(L10="","",L10) -> 의류 / 미용 | W7: =N10 -> 0
B8: 저축률 | D8: =IFERROR((D4-D5)/D4,0) -> 0 | L8: =IF(설정!$B$34="","",설정!$B$34) -> 교통 / 차량 | M8: =IF(설정!$C$34="","",설정!$C$34) -> 120000 | N8: =SUMIF($H$5:$H$54,L8,$J$5:$J$54) -> 0 | O8: =IFERROR(N8/M8,0) -> 0 | P8: =IF(M8="","",REPT("■",MIN(10,ROUND(O8*10,0)))&REPT("□",10-MIN(10,ROUND(O8*10,0)))) -> □□□□□□□□□□ | V8: =IF(L11="","",L11) -> 교육 / 자기계발 | W8: =N11 -> 0
L9: =IF(설정!$B$35="","",설정!$B$35) -> 의료 / 건강 | M9: =IF(설정!$C$35="","",설정!$C$35) -> 60000 | N9: =SUMIF($H$5:$H$54,L9,$J$5:$J$54) -> 0 | O9: =IFERROR(N9/M9,0) -> 0 | P9: =IF(M9="","",REPT("■",MIN(10,ROUND(O9*10,0)))&REPT("□",10-MIN(10,ROUND(O9*10,0)))) -> □□□□□□□□□□ | R9: 고정지출 | S9: =E35 -> 0 | V9: =IF(L12="","",L12) -> 문화 / 여가 | W9: =N12 -> 0
B10: 수입 | L10: =IF(설정!$B$36="","",설정!$B$36) -> 의류 / 미용 | M10: =IF(설정!$C$36="","",설정!$C$36) -> 100000 | N10: =SUMIF($H$5:$H$54,L10,$J$5:$J$54) -> 0 | O10: =IFERROR(N10/M10,0) -> 0 | P10: =IF(M10="","",REPT("■",MIN(10,ROUND(O10*10,0)))&REPT("□",10-MIN(10,ROUND(O10*10,0)))) -> □□□□□□□□□□ | R10: 변동지출 | S10: =J55 -> 0 | V10: =IF(L13="","",L13) -> 경조사 / 선물 | W10: =N13 -> 0
B11: 항목 | C11: 예상 | D11: 실제 | E11: 차이 | L11: =IF(설정!$B$37="","",설정!$B$37) -> 교육 / 자기계발 | M11: =IF(설정!$C$37="","",설정!$C$37) -> 80000 | N11: =SUMIF($H$5:$H$54,L11,$J$5:$J$54) -> 0 | O11: =IFERROR(N11/M11,0) -> 0 | P11: =IF(M11="","",REPT("■",MIN(10,ROUND(O11*10,0)))&REPT("□",10-MIN(10,ROUND(O11*10,0)))) -> □□□□□□□□□□ | V11: =IF(L14="","",L14) -> 자녀 / 육아 | W11: =N14 -> 0
B12: =IF(설정!$B$6="","",설정!$B$6) -> 월급 (본업) | C12: =IF(설정!$C$6="","",설정!$C$6) -> 3500000 | E12: =IF(D12="","",D12-C12) | L12: =IF(설정!$B$38="","",설정!$B$38) -> 문화 / 여가 | M12: =IF(설정!$C$38="","",설정!$C$38) -> 80000 | N12: =SUMIF($H$5:$H$54,L12,$J$5:$J$54) -> 0 | O12: =IFERROR(N12/M12,0) -> 0 | P12: =IF(M12="","",REPT("■",MIN(10,ROUND(O12*10,0)))&REPT("□",10-MIN(10,ROUND(O12*10,0)))) -> □□□□□□□□□□ | V12: =IF(L15="","",L15) -> 반려동물 | W12: =N15 -> 0
B13: =IF(설정!$B$7="","",설정!$B$7) -> 부수입 / 사이드잡 | C13: =IF(설정!$C$7="","",설정!$C$7) -> 400000 | E13: =IF(D13="","",D13-C13) | L13: =IF(설정!$B$39="","",설정!$B$39) -> 경조사 / 선물 | M13: =IF(설정!$C$39="","",설정!$C$39) -> 100000 | N13: =SUMIF($H$5:$H$54,L13,$J$5:$J$54) -> 0 | O13: =IFERROR(N13/M13,0) -> 0 | P13: =IF(M13="","",REPT("■",MIN(10,ROUND(O13*10,0)))&REPT("□",10-MIN(10,ROUND(O13*10,0)))) -> □□□□□□□□□□ | V13: =IF(L16="","",L16) -> 여행 | W13: =N16 -> 0
B14: =IF(설정!$B$8="","",설정!$B$8) -> 상여 / 보너스 | C14: =IF(설정!$C$8="","",설정!$C$8) -> 0 | E14: =IF(D14="","",D14-C14) | L14: =IF(설정!$B$40="","",설정!$B$40) -> 자녀 / 육아 | M14: =IF(설정!$C$40="","",설정!$C$40) -> 0 | N14: =SUMIF($H$5:$H$54,L14,$J$5:$J$54) -> 0 | O14: =IFERROR(N14/M14,0) -> 0 | P14: =IF(M14="","",REPT("■",MIN(10,ROUND(O14*10,0)))&REPT("□",10-MIN(10,ROUND(O14*10,0)))) -> □□□□□□□□□□ | V14: =IF(L17="","",L17) -> 통신 / 디지털 | W14: =N17 -> 0
B15: =IF(설정!$B$9="","",설정!$B$9) -> 이자 / 배당 | C15: =IF(설정!$C$9="","",설정!$C$9) -> 50000 | E15: =IF(D15="","",D15-C15) | L15: =IF(설정!$B$41="","",설정!$B$41) -> 반려동물 | M15: =IF(설정!$C$41="","",설정!$C$41) -> 0 | N15: =SUMIF($H$5:$H$54,L15,$J$5:$J$54) -> 0 | O15: =IFERROR(N15/M15,0) -> 0 | P15: =IF(M15="","",REPT("■",MIN(10,ROUND(O15*10,0)))&REPT("□",10-MIN(10,ROUND(O15*10,0)))) -> □□□□□□□□□□ | V15: =IF(L18="","",L18) -> 기부 / 후원 | W15: =N18 -> 0
B16: =IF(설정!$B$10="","",설정!$B$10) -> 용돈 / 기타 | C16: =IF(설정!$C$10="","",설정!$C$10) -> 0 | E16: =IF(D16="","",D16-C16) | L16: =IF(설정!$B$42="","",설정!$B$42) -> 여행 | M16: =IF(설정!$C$42="","",설정!$C$42) -> 100000 | N16: =SUMIF($H$5:$H$54,L16,$J$5:$J$54) -> 0 | O16: =IFERROR(N16/M16,0) -> 0 | P16: =IF(M16="","",REPT("■",MIN(10,ROUND(O16*10,0)))&REPT("□",10-MIN(10,ROUND(O16*10,0)))) -> □□□□□□□□□□ | V16: =IF(L19="","",L19) -> 기타 | W16: =N19 -> 0
B17: =IF(설정!$B$11="","",설정!$B$11) | C17: =IF(설정!$C$11="","",설정!$C$11) | E17: =IF(D17="","",D17-C17) | L17: =IF(설정!$B$43="","",설정!$B$43) -> 통신 / 디지털 | M17: =IF(설정!$C$43="","",설정!$C$43) -> 30000 | N17: =SUMIF($H$5:$H$54,L17,$J$5:$J$54) -> 0 | O17: =IFERROR(N17/M17,0) -> 0 | P17: =IF(M17="","",REPT("■",MIN(10,ROUND(O17*10,0)))&REPT("□",10-MIN(10,ROUND(O17*10,0)))) -> □□□□□□□□□□ | V17: =IF(B23="","",B23) -> 월세 / 주택대출 상환 | W17: =E23 -> 0
B18: =IF(설정!$B$12="","",설정!$B$12) | C18: =IF(설정!$C$12="","",설정!$C$12) | E18: =IF(D18="","",D18-C18) | L18: =IF(설정!$B$44="","",설정!$B$44) -> 기부 / 후원 | M18: =IF(설정!$C$44="","",설정!$C$44) -> 30000 | N18: =SUMIF($H$5:$H$54,L18,$J$5:$J$54) -> 0 | O18: =IFERROR(N18/M18,0) -> 0 | P18: =IF(M18="","",REPT("■",MIN(10,ROUND(O18*10,0)))&REPT("□",10-MIN(10,ROUND(O18*10,0)))) -> □□□□□□□□□□ | V18: =IF(B24="","",B24) -> 관리비 | W18: =E24 -> 0
B19: 합계 | C19: =SUM(C12:C18) -> 3950000 | D19: =SUM(D12:D18) -> 0 | E19: =D19-C19 -> -3950000 | L19: =IF(설정!$B$45="","",설정!$B$45) -> 기타 | M19: =IF(설정!$C$45="","",설정!$C$45) -> 80000 | N19: =SUMIF($H$5:$H$54,L19,$J$5:$J$54) -> 0 | O19: =IFERROR(N19/M19,0) -> 0 | P19: =IF(M19="","",REPT("■",MIN(10,ROUND(O19*10,0)))&REPT("□",10-MIN(10,ROUND(O19*10,0)))) -> □□□□□□□□□□ | V19: =IF(B25="","",B25) -> 통신비 (휴대폰·인터넷) | W19: =E25 -> 0
L20: 합계 | M20: =SUM(M5:M19) -> 1410000 | N20: =SUM(N5:N19) -> 0 | V20: =IF(B26="","",B26) -> 보험료 | W20: =E26 -> 0
B21: 고정지출 | V21: =IF(B27="","",B27) -> 구독 서비스 | W21: =E27 -> 0
B22: 항목 | C22: 예산 | D22: 결제일 | E22: 실제 | V22: =IF(B28="","",B28) -> 교통 정기권 | W22: =E28 -> 0
B23: =IF(설정!$B$16="","",설정!$B$16) -> 월세 / 주택대출 상환 | C23: =IF(설정!$C$16="","",설정!$C$16) -> 600000 | D23: =IF(설정!$D$16="","",설정!$D$16) -> 25일 | V23: =IF(B29="","",B29) -> 적금 | W23: =E29 -> 0
B24: =IF(설정!$B$17="","",설정!$B$17) -> 관리비 | C24: =IF(설정!$C$17="","",설정!$C$17) -> 150000 | D24: =IF(설정!$D$17="","",설정!$D$17) -> 30일 | V24: =IF(B30="","",B30) -> 청약저축 | W24: =E30 -> 0
B25: =IF(설정!$B$18="","",설정!$B$18) -> 통신비 (휴대폰·인터넷) | C25: =IF(설정!$C$18="","",설정!$C$18) -> 88000 | D25: =IF(설정!$D$18="","",설정!$D$18) -> 15일 | V25: =IF(B31="","",B31) -> 대출 이자 | W25: =E31 -> 0
B26: =IF(설정!$B$19="","",설정!$B$19) -> 보험료 | C26: =IF(설정!$C$19="","",설정!$C$19) -> 120000 | D26: =IF(설정!$D$19="","",설정!$D$19) -> 5일 | V26: =IF(B32="","",B32) -> 공과금 (전기·가스·수도) | W26: =E32 -> 0
B27: =IF(설정!$B$20="","",설정!$B$20) -> 구독 서비스 | C27: =IF(설정!$C$20="","",설정!$C$20) -> 29000 | D27: =IF(설정!$D$20="","",설정!$D$20) -> 10일 | V27: =IF(B33="","",B33) | W27: =E33 -> 0
B28: =IF(설정!$B$21="","",설정!$B$21) -> 교통 정기권 | C28: =IF(설정!$C$21="","",설정!$C$21) -> 62000 | D28: =IF(설정!$D$21="","",설정!$D$21) -> 1일 | V28: =IF(B34="","",B34) | W28: =E34 -> 0
B29: =IF(설정!$B$22="","",설정!$B$22) -> 적금 | C29: =IF(설정!$C$22="","",설정!$C$22) -> 300000 | D29: =IF(설정!$D$22="","",설정!$D$22) -> 25일
B30: =IF(설정!$B$23="","",설정!$B$23) -> 청약저축 | C30: =IF(설정!$C$23="","",설정!$C$23) -> 100000 | D30: =IF(설정!$D$23="","",설정!$D$23) -> 25일
B31: =IF(설정!$B$24="","",설정!$B$24) -> 대출 이자 | C31: =IF(설정!$C$24="","",설정!$C$24) -> 180000 | D31: =IF(설정!$D$24="","",설정!$D$24) -> 25일
B32: =IF(설정!$B$25="","",설정!$B$25) -> 공과금 (전기·가스·수도) | C32: =IF(설정!$C$25="","",설정!$C$25) -> 140000 | D32: =IF(설정!$D$25="","",설정!$D$25) -> 말일
B33: =IF(설정!$B$26="","",설정!$B$26) | C33: =IF(설정!$C$26="","",설정!$C$26) | D33: =IF(설정!$D$26="","",설정!$D$26)
B34: =IF(설정!$B$27="","",설정!$B$27) | C34: =IF(설정!$C$27="","",설정!$C$27) | D34: =IF(설정!$D$27="","",설정!$D$27)
B35: 합계 | C35: =SUM(C23:C34) -> 1769000 | E35: =SUM(E23:E34) -> 0
B37: 저축·투자
B38: 항목 | C38: 목표 | D38: 실제 | E38: 차이
B39: =IF(설정!$B$49="","",설정!$B$49) -> 비상금 | C39: =IF(설정!$C$49="","",설정!$C$49) -> 150000 | E39: =IF(D39="","",D39-C39)
B40: =IF(설정!$B$50="","",설정!$B$50) -> 청약 / 내집마련 | C40: =IF(설정!$C$50="","",설정!$C$50) -> 100000 | E40: =IF(D40="","",D40-C40)
B41: =IF(설정!$B$51="","",설정!$B$51) -> 투자 (ETF·주식) | C41: =IF(설정!$C$51="","",설정!$C$51) -> 400000 | E41: =IF(D41="","",D41-C41)
B42: =IF(설정!$B$52="","",설정!$B$52) -> 여행 자금 | C42: =IF(설정!$C$52="","",설정!$C$52) -> 100000 | E42: =IF(D42="","",D42-C42)
B43: =IF(설정!$B$53="","",설정!$B$53) -> 노후 / 연금 | C43: =IF(설정!$C$53="","",설정!$C$53) -> 200000 | E43: =IF(D43="","",D43-C43)
B44: =IF(설정!$B$54="","",설정!$B$54) -> 목표 저축 | C44: =IF(설정!$C$54="","",설정!$C$54) -> 150000 | E44: =IF(D44="","",D44-C44)
B45: 합계 | C45: =SUM(C39:C44) -> 1100000 | D45: =SUM(D39:D44) -> 0 | E45: =D45-C45 -> -1100000
B47: 이달의 메모 · 회고
G55: 합계 | J55: =SUM(J5:J54) -> 0

Sheet 4월
B1: 4월 가계부 | L1: 제이슨의 머니쇼 · 2026 | V1: 월 지출(전체) 차트 데이터
V2: =IF(L5="","",L5) -> 식비 (장보기) | W2: =N5 -> 0
B3: 이번 달 한눈에 | G3: 변동지출 기록 | L3: 카테고리별 예산 vs 사용 | R3: 차트 데이터 | V3: =IF(L6="","",L6) -> 외식 / 카페 | W3: =N6 -> 0
B4: 총수입 | D4: =D19 -> 0 | G4: 날짜 | H4: 분류 | I4: 내용 | J4: 금액 | L4: 분류 | M4: 예산 | N4: 사용 | O4: 달성 | P4: 진행 | R4: 구분 | S4: 예산 | T4: 실제 | V4: =IF(L7="","",L7) -> 생활용품 | W4: =N7 -> 0
B5: 총지출 | D5: =E35+J55 -> 0 | L5: =IF(설정!$B$31="","",설정!$B$31) -> 식비 (장보기) | M5: =IF(설정!$C$31="","",설정!$C$31) -> 350000 | N5: =SUMIF($H$5:$H$54,L5,$J$5:$J$54) -> 0 | O5: =IFERROR(N5/M5,0) -> 0 | P5: =IF(M5="","",REPT("■",MIN(10,ROUND(O5*10,0)))&REPT("□",10-MIN(10,ROUND(O5*10,0)))) -> □□□□□□□□□□ | R5: 수입 | S5: =C19 -> 3950000 | T5: =D19 -> 0 | V5: =IF(L8="","",L8) -> 교통 / 차량 | W5: =N8 -> 0
B6: 저축·투자 | D6: =D45 -> 0 | L6: =IF(설정!$B$32="","",설정!$B$32) -> 외식 / 카페 | M6: =IF(설정!$C$32="","",설정!$C$32) -> 200000 | N6: =SUMIF($H$5:$H$54,L6,$J$5:$J$54) -> 0 | O6: =IFERROR(N6/M6,0) -> 0 | P6: =IF(M6="","",REPT("■",MIN(10,ROUND(O6*10,0)))&REPT("□",10-MIN(10,ROUND(O6*10,0)))) -> □□□□□□□□□□ | R6: 지출 | S6: =C35+M20 -> 3179000 | T6: =E35+J55 -> 0 | V6: =IF(L9="","",L9) -> 의료 / 건강 | W6: =N9 -> 0
B7: 남은 돈 | D7: =D4-D5-D6 -> 0 | L7: =IF(설정!$B$33="","",설정!$B$33) -> 생활용품 | M7: =IF(설정!$C$33="","",설정!$C$33) -> 80000 | N7: =SUMIF($H$5:$H$54,L7,$J$5:$J$54) -> 0 | O7: =IFERROR(N7/M7,0) -> 0 | P7: =IF(M7="","",REPT("■",MIN(10,ROUND(O7*10,0)))&REPT("□",10-MIN(10,ROUND(O7*10,0)))) -> □□□□□□□□□□ | R7: 저축 | S7: =C45 -> 1100000 | T7: =D45 -> 0 | V7: =IF(L10="","",L10) -> 의류 / 미용 | W7: =N10 -> 0
B8: 저축률 | D8: =IFERROR((D4-D5)/D4,0) -> 0 | L8: =IF(설정!$B$34="","",설정!$B$34) -> 교통 / 차량 | M8: =IF(설정!$C$34="","",설정!$C$34) -> 120000 | N8: =SUMIF($H$5:$H$54,L8,$J$5:$J$54) -> 0 | O8: =IFERROR(N8/M8,0) -> 0 | P8: =IF(M8="","",REPT("■",MIN(10,ROUND(O8*10,0)))&REPT("□",10-MIN(10,ROUND(O8*10,0)))) -> □□□□□□□□□□ | V8: =IF(L11="","",L11) -> 교육 / 자기계발 | W8: =N11 -> 0
L9: =IF(설정!$B$35="","",설정!$B$35) -> 의료 / 건강 | M9: =IF(설정!$C$35="","",설정!$C$35) -> 60000 | N9: =SUMIF($H$5:$H$54,L9,$J$5:$J$54) -> 0 | O9: =IFERROR(N9/M9,0) -> 0 | P9: =IF(M9="","",REPT("■",MIN(10,ROUND(O9*10,0)))&REPT("□",10-MIN(10,ROUND(O9*10,0)))) -> □□□□□□□□□□ | R9: 고정지출 | S9: =E35 -> 0 | V9: =IF(L12="","",L12) -> 문화 / 여가 | W9: =N12 -> 0
B10: 수입 | L10: =IF(설정!$B$36="","",설정!$B$36) -> 의류 / 미용 | M10: =IF(설정!$C$36="","",설정!$C$36) -> 100000 | N10: =SUMIF($H$5:$H$54,L10,$J$5:$J$54) -> 0 | O10: =IFERROR(N10/M10,0) -> 0 | P10: =IF(M10="","",REPT("■",MIN(10,ROUND(O10*10,0)))&REPT("□",10-MIN(10,ROUND(O10*10,0)))) -> □□□□□□□□□□ | R10: 변동지출 | S10: =J55 -> 0 | V10: =IF(L13="","",L13) -> 경조사 / 선물 | W10: =N13 -> 0
B11: 항목 | C11: 예상 | D11: 실제 | E11: 차이 | L11: =IF(설정!$B$37="","",설정!$B$37) -> 교육 / 자기계발 | M11: =IF(설정!$C$37="","",설정!$C$37) -> 80000 | N11: =SUMIF($H$5:$H$54,L11,$J$5:$J$54) -> 0 | O11: =IFERROR(N11/M11,0) -> 0 | P11: =IF(M11="","",REPT("■",MIN(10,ROUND(O11*10,0)))&REPT("□",10-MIN(10,ROUND(O11*10,0)))) -> □□□□□□□□□□ | V11: =IF(L14="","",L14) -> 자녀 / 육아 | W11: =N14 -> 0
B12: =IF(설정!$B$6="","",설정!$B$6) -> 월급 (본업) | C12: =IF(설정!$C$6="","",설정!$C$6) -> 3500000 | E12: =IF(D12="","",D12-C12) | L12: =IF(설정!$B$38="","",설정!$B$38) -> 문화 / 여가 | M12: =IF(설정!$C$38="","",설정!$C$38) -> 80000 | N12: =SUMIF($H$5:$H$54,L12,$J$5:$J$54) -> 0 | O12: =IFERROR(N12/M12,0) -> 0 | P12: =IF(M12="","",REPT("■",MIN(10,ROUND(O12*10,0)))&REPT("□",10-MIN(10,ROUND(O12*10,0)))) -> □□□□□□□□□□ | V12: =IF(L15="","",L15) -> 반려동물 | W12: =N15 -> 0
B13: =IF(설정!$B$7="","",설정!$B$7) -> 부수입 / 사이드잡 | C13: =IF(설정!$C$7="","",설정!$C$7) -> 400000 | E13: =IF(D13="","",D13-C13) | L13: =IF(설정!$B$39="","",설정!$B$39) -> 경조사 / 선물 | M13: =IF(설정!$C$39="","",설정!$C$39) -> 100000 | N13: =SUMIF($H$5:$H$54,L13,$J$5:$J$54) -> 0 | O13: =IFERROR(N13/M13,0) -> 0 | P13: =IF(M13="","",REPT("■",MIN(10,ROUND(O13*10,0)))&REPT("□",10-MIN(10,ROUND(O13*10,0)))) -> □□□□□□□□□□ | V13: =IF(L16="","",L16) -> 여행 | W13: =N16 -> 0
B14: =IF(설정!$B$8="","",설정!$B$8) -> 상여 / 보너스 | C14: =IF(설정!$C$8="","",설정!$C$8) -> 0 | E14: =IF(D14="","",D14-C14) | L14: =IF(설정!$B$40="","",설정!$B$40) -> 자녀 / 육아 | M14: =IF(설정!$C$40="","",설정!$C$40) -> 0 | N14: =SUMIF($H$5:$H$54,L14,$J$5:$J$54) -> 0 | O14: =IFERROR(N14/M14,0) -> 0 | P14: =IF(M14="","",REPT("■",MIN(10,ROUND(O14*10,0)))&REPT("□",10-MIN(10,ROUND(O14*10,0)))) -> □□□□□□□□□□ | V14: =IF(L17="","",L17) -> 통신 / 디지털 | W14: =N17 -> 0
B15: =IF(설정!$B$9="","",설정!$B$9) -> 이자 / 배당 | C15: =IF(설정!$C$9="","",설정!$C$9) -> 50000 | E15: =IF(D15="","",D15-C15) | L15: =IF(설정!$B$41="","",설정!$B$41) -> 반려동물 | M15: =IF(설정!$C$41="","",설정!$C$41) -> 0 | N15: =SUMIF($H$5:$H$54,L15,$J$5:$J$54) -> 0 | O15: =IFERROR(N15/M15,0) -> 0 | P15: =IF(M15="","",REPT("■",MIN(10,ROUND(O15*10,0)))&REPT("□",10-MIN(10,ROUND(O15*10,0)))) -> □□□□□□□□□□ | V15: =IF(L18="","",L18) -> 기부 / 후원 | W15: =N18 -> 0
B16: =IF(설정!$B$10="","",설정!$B$10) -> 용돈 / 기타 | C16: =IF(설정!$C$10="","",설정!$C$10) -> 0 | E16: =IF(D16="","",D16-C16) | L16: =IF(설정!$B$42="","",설정!$B$42) -> 여행 | M16: =IF(설정!$C$42="","",설정!$C$42) -> 100000 | N16: =SUMIF($H$5:$H$54,L16,$J$5:$J$54) -> 0 | O16: =IFERROR(N16/M16,0) -> 0 | P16: =IF(M16="","",REPT("■",MIN(10,ROUND(O16*10,0)))&REPT("□",10-MIN(10,ROUND(O16*10,0)))) -> □□□□□□□□□□ | V16: =IF(L19="","",L19) -> 기타 | W16: =N19 -> 0
B17: =IF(설정!$B$11="","",설정!$B$11) | C17: =IF(설정!$C$11="","",설정!$C$11) | E17: =IF(D17="","",D17-C17) | L17: =IF(설정!$B$43="","",설정!$B$43) -> 통신 / 디지털 | M17: =IF(설정!$C$43="","",설정!$C$43) -> 30000 | N17: =SUMIF($H$5:$H$54,L17,$J$5:$J$54) -> 0 | O17: =IFERROR(N17/M17,0) -> 0 | P17: =IF(M17="","",REPT("■",MIN(10,ROUND(O17*10,0)))&REPT("□",10-MIN(10,ROUND(O17*10,0)))) -> □□□□□□□□□□ | V17: =IF(B23="","",B23) -> 월세 / 주택대출 상환 | W17: =E23 -> 0
B18: =IF(설정!$B$12="","",설정!$B$12) | C18: =IF(설정!$C$12="","",설정!$C$12) | E18: =IF(D18="","",D18-C18) | L18: =IF(설정!$B$44="","",설정!$B$44) -> 기부 / 후원 | M18: =IF(설정!$C$44="","",설정!$C$44) -> 30000 | N18: =SUMIF($H$5:$H$54,L18,$J$5:$J$54) -> 0 | O18: =IFERROR(N18/M18,0) -> 0 | P18: =IF(M18="","",REPT("■",MIN(10,ROUND(O18*10,0)))&REPT("□",10-MIN(10,ROUND(O18*10,0)))) -> □□□□□□□□□□ | V18: =IF(B24="","",B24) -> 관리비 | W18: =E24 -> 0
B19: 합계 | C19: =SUM(C12:C18) -> 3950000 | D19: =SUM(D12:D18) -> 0 | E19: =D19-C19 -> -3950000 | L19: =IF(설정!$B$45="","",설정!$B$45) -> 기타 | M19: =IF(설정!$C$45="","",설정!$C$45) -> 80000 | N19: =SUMIF($H$5:$H$54,L19,$J$5:$J$54) -> 0 | O19: =IFERROR(N19/M19,0) -> 0 | P19: =IF(M19="","",REPT("■",MIN(10,ROUND(O19*10,0)))&REPT("□",10-MIN(10,ROUND(O19*10,0)))) -> □□□□□□□□□□ | V19: =IF(B25="","",B25) -> 통신비 (휴대폰·인터넷) | W19: =E25 -> 0
L20: 합계 | M20: =SUM(M5:M19) -> 1410000 | N20: =SUM(N5:N19) -> 0 | V20: =IF(B26="","",B26) -> 보험료 | W20: =E26 -> 0
B21: 고정지출 | V21: =IF(B27="","",B27) -> 구독 서비스 | W21: =E27 -> 0
B22: 항목 | C22: 예산 | D22: 결제일 | E22: 실제 | V22: =IF(B28="","",B28) -> 교통 정기권 | W22: =E28 -> 0
B23: =IF(설정!$B$16="","",설정!$B$16) -> 월세 / 주택대출 상환 | C23: =IF(설정!$C$16="","",설정!$C$16) -> 600000 | D23: =IF(설정!$D$16="","",설정!$D$16) -> 25일 | V23: =IF(B29="","",B29) -> 적금 | W23: =E29 -> 0
B24: =IF(설정!$B$17="","",설정!$B$17) -> 관리비 | C24: =IF(설정!$C$17="","",설정!$C$17) -> 150000 | D24: =IF(설정!$D$17="","",설정!$D$17) -> 30일 | V24: =IF(B30="","",B30) -> 청약저축 | W24: =E30 -> 0
B25: =IF(설정!$B$18="","",설정!$B$18) -> 통신비 (휴대폰·인터넷) | C25: =IF(설정!$C$18="","",설정!$C$18) -> 88000 | D25: =IF(설정!$D$18="","",설정!$D$18) -> 15일 | V25: =IF(B31="","",B31) -> 대출 이자 | W25: =E31 -> 0
B26: =IF(설정!$B$19="","",설정!$B$19) -> 보험료 | C26: =IF(설정!$C$19="","",설정!$C$19) -> 120000 | D26: =IF(설정!$D$19="","",설정!$D$19) -> 5일 | V26: =IF(B32="","",B32) -> 공과금 (전기·가스·수도) | W26: =E32 -> 0
B27: =IF(설정!$B$20="","",설정!$B$20) -> 구독 서비스 | C27: =IF(설정!$C$20="","",설정!$C$20) -> 29000 | D27: =IF(설정!$D$20="","",설정!$D$20) -> 10일 | V27: =IF(B33="","",B33) | W27: =E33 -> 0
B28: =IF(설정!$B$21="","",설정!$B$21) -> 교통 정기권 | C28: =IF(설정!$C$21="","",설정!$C$21) -> 62000 | D28: =IF(설정!$D$21="","",설정!$D$21) -> 1일 | V28: =IF(B34="","",B34) | W28: =E34 -> 0
B29: =IF(설정!$B$22="","",설정!$B$22) -> 적금 | C29: =IF(설정!$C$22="","",설정!$C$22) -> 300000 | D29: =IF(설정!$D$22="","",설정!$D$22) -> 25일
B30: =IF(설정!$B$23="","",설정!$B$23) -> 청약저축 | C30: =IF(설정!$C$23="","",설정!$C$23) -> 100000 | D30: =IF(설정!$D$23="","",설정!$D$23) -> 25일
B31: =IF(설정!$B$24="","",설정!$B$24) -> 대출 이자 | C31: =IF(설정!$C$24="","",설정!$C$24) -> 180000 | D31: =IF(설정!$D$24="","",설정!$D$24) -> 25일
B32: =IF(설정!$B$25="","",설정!$B$25) -> 공과금 (전기·가스·수도) | C32: =IF(설정!$C$25="","",설정!$C$25) -> 140000 | D32: =IF(설정!$D$25="","",설정!$D$25) -> 말일
B33: =IF(설정!$B$26="","",설정!$B$26) | C33: =IF(설정!$C$26="","",설정!$C$26) | D33: =IF(설정!$D$26="","",설정!$D$26)
B34: =IF(설정!$B$27="","",설정!$B$27) | C34: =IF(설정!$C$27="","",설정!$C$27) | D34: =IF(설정!$D$27="","",설정!$D$27)
B35: 합계 | C35: =SUM(C23:C34) -> 1769000 | E35: =SUM(E23:E34) -> 0
B37: 저축·투자
B38: 항목 | C38: 목표 | D38: 실제 | E38: 차이
B39: =IF(설정!$B$49="","",설정!$B$49) -> 비상금 | C39: =IF(설정!$C$49="","",설정!$C$49) -> 150000 | E39: =IF(D39="","",D39-C39)
B40: =IF(설정!$B$50="","",설정!$B$50) -> 청약 / 내집마련 | C40: =IF(설정!$C$50="","",설정!$C$50) -> 100000 | E40: =IF(D40="","",D40-C40)
B41: =IF(설정!$B$51="","",설정!$B$51) -> 투자 (ETF·주식) | C41: =IF(설정!$C$51="","",설정!$C$51) -> 400000 | E41: =IF(D41="","",D41-C41)
B42: =IF(설정!$B$52="","",설정!$B$52) -> 여행 자금 | C42: =IF(설정!$C$52="","",설정!$C$52) -> 100000 | E42: =IF(D42="","",D42-C42)
B43: =IF(설정!$B$53="","",설정!$B$53) -> 노후 / 연금 | C43: =IF(설정!$C$53="","",설정!$C$53) -> 200000 | E43: =IF(D43="","",D43-C43)
B44: =IF(설정!$B$54="","",설정!$B$54) -> 목표 저축 | C44: =IF(설정!$C$54="","",설정!$C$54) -> 150000 | E44: =IF(D44="","",D44-C44)
B45: 합계 | C45: =SUM(C39:C44) -> 1100000 | D45: =SUM(D39:D44) -> 0 | E45: =D45-C45 -> -1100000
B47: 이달의 메모 · 회고
G55: 합계 | J55: =SUM(J5:J54) -> 0

Sheet 5월
B1: 5월 가계부 | L1: 제이슨의 머니쇼 · 2026 | V1: 월 지출(전체) 차트 데이터
V2: =IF(L5="","",L5) -> 식비 (장보기) | W2: =N5 -> 0
B3: 이번 달 한눈에 | G3: 변동지출 기록 | L3: 카테고리별 예산 vs 사용 | R3: 차트 데이터 | V3: =IF(L6="","",L6) -> 외식 / 카페 | W3: =N6 -> 0
B4: 총수입 | D4: =D19 -> 0 | G4: 날짜 | H4: 분류 | I4: 내용 | J4: 금액 | L4: 분류 | M4: 예산 | N4: 사용 | O4: 달성 | P4: 진행 | R4: 구분 | S4: 예산 | T4: 실제 | V4: =IF(L7="","",L7) -> 생활용품 | W4: =N7 -> 0
B5: 총지출 | D5: =E35+J55 -> 0 | L5: =IF(설정!$B$31="","",설정!$B$31) -> 식비 (장보기) | M5: =IF(설정!$C$31="","",설정!$C$31) -> 350000 | N5: =SUMIF($H$5:$H$54,L5,$J$5:$J$54) -> 0 | O5: =IFERROR(N5/M5,0) -> 0 | P5: =IF(M5="","",REPT("■",MIN(10,ROUND(O5*10,0)))&REPT("□",10-MIN(10,ROUND(O5*10,0)))) -> □□□□□□□□□□ | R5: 수입 | S5: =C19 -> 3950000 | T5: =D19 -> 0 | V5: =IF(L8="","",L8) -> 교통 / 차량 | W5: =N8 -> 0
B6: 저축·투자 | D6: =D45 -> 0 | L6: =IF(설정!$B$32="","",설정!$B$32) -> 외식 / 카페 | M6: =IF(설정!$C$32="","",설정!$C$32) -> 200000 | N6: =SUMIF($H$5:$H$54,L6,$J$5:$J$54) -> 0 | O6: =IFERROR(N6/M6,0) -> 0 | P6: =IF(M6="","",REPT("■",MIN(10,ROUND(O6*10,0)))&REPT("□",10-MIN(10,ROUND(O6*10,0)))) -> □□□□□□□□□□ | R6: 지출 | S6: =C35+M20 -> 3179000 | T6: =E35+J55 -> 0 | V6: =IF(L9="","",L9) -> 의료 / 건강 | W6: =N9 -> 0
B7: 남은 돈 | D7: =D4-D5-D6 -> 0 | L7: =IF(설정!$B$33="","",설정!$B$33) -> 생활용품 | M7: =IF(설정!$C$33="","",설정!$C$33) -> 80000 | N7: =SUMIF($H$5:$H$54,L7,$J$5:$J$54) -> 0 | O7: =IFERROR(N7/M7,0) -> 0 | P7: =IF(M7="","",REPT("■",MIN(10,ROUND(O7*10,0)))&REPT("□",10-MIN(10,ROUND(O7*10,0)))) -> □□□□□□□□□□ | R7: 저축 | S7: =C45 -> 1100000 | T7: =D45 -> 0 | V7: =IF(L10="","",L10) -> 의류 / 미용 | W7: =N10 -> 0
B8: 저축률 | D8: =IFERROR((D4-D5)/D4,0) -> 0 | L8: =IF(설정!$B$34="","",설정!$B$34) -> 교통 / 차량 | M8: =IF(설정!$C$34="","",설정!$C$34) -> 120000 | N8: =SUMIF($H$5:$H$54,L8,$J$5:$J$54) -> 0 | O8: =IFERROR(N8/M8,0) -> 0 | P8: =IF(M8="","",REPT("■",MIN(10,ROUND(O8*10,0)))&REPT("□",10-MIN(10,ROUND(O8*10,0)))) -> □□□□□□□□□□ | V8: =IF(L11="","",L11) -> 교육 / 자기계발 | W8: =N11 -> 0
L9: =IF(설정!$B$35="","",설정!$B$35) -> 의료 / 건강 | M9: =IF(설정!$C$35="","",설정!$C$35) -> 60000 | N9: =SUMIF($H$5:$H$54,L9,$J$5:$J$54) -> 0 | O9: =IFERROR(N9/M9,0) -> 0 | P9: =IF(M9="","",REPT("■",MIN(10,ROUND(O9*10,0)))&REPT("□",10-MIN(10,ROUND(O9*10,0)))) -> □□□□□□□□□□ | R9: 고정지출 | S9: =E35 -> 0 | V9: =IF(L12="","",L12) -> 문화 / 여가 | W9: =N12 -> 0
B10: 수입 | L10: =IF(설정!$B$36="","",설정!$B$36) -> 의류 / 미용 | M10: =IF(설정!$C$36="","",설정!$C$36) -> 100000 | N10: =SUMIF($H$5:$H$54,L10,$J$5:$J$54) -> 0 | O10: =IFERROR(N10/M10,0) -> 0 | P10: =IF(M10="","",REPT("■",MIN(10,ROUND(O10*10,0)))&REPT("□",10-MIN(10,ROUND(O10*10,0)))) -> □□□□□□□□□□ | R10: 변동지출 | S10: =J55 -> 0 | V10: =IF(L13="","",L13) -> 경조사 / 선물 | W10: =N13 -> 0
B11: 항목 | C11: 예상 | D11: 실제 | E11: 차이 | L11: =IF(설정!$B$37="","",설정!$B$37) -> 교육 / 자기계발 | M11: =IF(설정!$C$37="","",설정!$C$37) -> 80000 | N11: =SUMIF($H$5:$H$54,L11,$J$5:$J$54) -> 0 | O11: =IFERROR(N11/M11,0) -> 0 | P11: =IF(M11="","",REPT("■",MIN(10,ROUND(O11*10,0)))&REPT("□",10-MIN(10,ROUND(O11*10,0)))) -> □□□□□□□□□□ | V11: =IF(L14="","",L14) -> 자녀 / 육아 | W11: =N14 -> 0
B12: =IF(설정!$B$6="","",설정!$B$6) -> 월급 (본업) | C12: =IF(설정!$C$6="","",설정!$C$6) -> 3500000 | E12: =IF(D12="","",D12-C12) | L12: =IF(설정!$B$38="","",설정!$B$38) -> 문화 / 여가 | M12: =IF(설정!$C$38="","",설정!$C$38) -> 80000 | N12: =SUMIF($H$5:$H$54,L12,$J$5:$J$54) -> 0 | O12: =IFERROR(N12/M12,0) -> 0 | P12: =IF(M12="","",REPT("■",MIN(10,ROUND(O12*10,0)))&REPT("□",10-MIN(10,ROUND(O12*10,0)))) -> □□□□□□□□□□ | V12: =IF(L15="","",L15) -> 반려동물 | W12: =N15 -> 0
B13: =IF(설정!$B$7="","",설정!$B$7) -> 부수입 / 사이드잡 | C13: =IF(설정!$C$7="","",설정!$C$7) -> 400000 | E13: =IF(D13="","",D13-C13) | L13: =IF(설정!$B$39="","",설정!$B$39) -> 경조사 / 선물 | M13: =IF(설정!$C$39="","",설정!$C$39) -> 100000 | N13: =SUMIF($H$5:$H$54,L13,$J$5:$J$54) -> 0 | O13: =IFERROR(N13/M13,0) -> 0 | P13: =IF(M13="","",REPT("■",MIN(10,ROUND(O13*10,0)))&REPT("□",10-MIN(10,ROUND(O13*10,0)))) -> □□□□□□□□□□ | V13: =IF(L16="","",L16) -> 여행 | W13: =N16 -> 0
B14: =IF(설정!$B$8="","",설정!$B$8) -> 상여 / 보너스 | C14: =IF(설정!$C$8="","",설정!$C$8) -> 0 | E14: =IF(D14="","",D14-C14) | L14: =IF(설정!$B$40="","",설정!$B$40) -> 자녀 / 육아 | M14: =IF(설정!$C$40="","",설정!$C$40) -> 0 | N14: =SUMIF($H$5:$H$54,L14,$J$5:$J$54) -> 0 | O14: =IFERROR(N14/M14,0) -> 0 | P14: =IF(M14="","",REPT("■",MIN(10,ROUND(O14*10,0)))&REPT("□",10-MIN(10,ROUND(O14*10,0)))) -> □□□□□□□□□□ | V14: =IF(L17="","",L17) -> 통신 / 디지털 | W14: =N17 -> 0
B15: =IF(설정!$B$9="","",설정!$B$9) -> 이자 / 배당 | C15: =IF(설정!$C$9="","",설정!$C$9) -> 50000 | E15: =IF(D15="","",D15-C15) | L15: =IF(설정!$B$41="","",설정!$B$41) -> 반려동물 | M15: =IF(설정!$C$41="","",설정!$C$41) -> 0 | N15: =SUMIF($H$5:$H$54,L15,$J$5:$J$54) -> 0 | O15: =IFERROR(N15/M15,0) -> 0 | P15: =IF(M15="","",REPT("■",MIN(10,ROUND(O15*10,0)))&REPT("□",10-MIN(10,ROUND(O15*10,0)))) -> □□□□□□□□□□ | V15: =IF(L18="","",L18) -> 기부 / 후원 | W15: =N18 -> 0
B16: =IF(설정!$B$10="","",설정!$B$10) -> 용돈 / 기타 | C16: =IF(설정!$C$10="","",설정!$C$10) -> 0 | E16: =IF(D16="","",D16-C16) | L16: =IF(설정!$B$42="","",설정!$B$42) -> 여행 | M16: =IF(설정!$C$42="","",설정!$C$42) -> 100000 | N16: =SUMIF($H$5:$H$54,L16,$J$5:$J$54) -> 0 | O16: =IFERROR(N16/M16,0) -> 0 | P16: =IF(M16="","",REPT("■",MIN(10,ROUND(O16*10,0)))&REPT("□",10-MIN(10,ROUND(O16*10,0)))) -> □□□□□□□□□□ | V16: =IF(L19="","",L19) -> 기타 | W16: =N19 -> 0
B17: =IF(설정!$B$11="","",설정!$B$11) | C17: =IF(설정!$C$11="","",설정!$C$11) | E17: =IF(D17="","",D17-C17) | L17: =IF(설정!$B$43="","",설정!$B$43) -> 통신 / 디지털 | M17: =IF(설정!$C$43="","",설정!$C$43) -> 30000 | N17: =SUMIF($H$5:$H$54,L17,$J$5:$J$54) -> 0 | O17: =IFERROR(N17/M17,0) -> 0 | P17: =IF(M17="","",REPT("■",MIN(10,ROUND(O17*10,0)))&REPT("□",10-MIN(10,ROUND(O17*10,0)))) -> □□□□□□□□□□ | V17: =IF(B23="","",B23) -> 월세 / 주택대출 상환 | W17: =E23 -> 0
B18: =IF(설정!$B$12="","",설정!$B$12) | C18: =IF(설정!$C$12="","",설정!$C$12) | E18: =IF(D18="","",D18-C18) | L18: =IF(설정!$B$44="","",설정!$B$44) -> 기부 / 후원 | M18: =IF(설정!$C$44="","",설정!$C$44) -> 30000 | N18: =SUMIF($H$5:$H$54,L18,$J$5:$J$54) -> 0 | O18: =IFERROR(N18/M18,0) -> 0 | P18: =IF(M18="","",REPT("■",MIN(10,ROUND(O18*10,0)))&REPT("□",10-MIN(10,ROUND(O18*10,0)))) -> □□□□□□□□□□ | V18: =IF(B24="","",B24) -> 관리비 | W18: =E24 -> 0
B19: 합계 | C19: =SUM(C12:C18) -> 3950000 | D19: =SUM(D12:D18) -> 0 | E19: =D19-C19 -> -3950000 | L19: =IF(설정!$B$45="","",설정!$B$45) -> 기타 | M19: =IF(설정!$C$45="","",설정!$C$45) -> 80000 | N19: =SUMIF($H$5:$H$54,L19,$J$5:$J$54) -> 0 | O19: =IFERROR(N19/M19,0) -> 0 | P19: =IF(M19="","",REPT("■",MIN(10,ROUND(O19*10,0)))&REPT("□",10-MIN(10,ROUND(O19*10,0)))) -> □□□□□□□□□□ | V19: =IF(B25="","",B25) -> 통신비 (휴대폰·인터넷) | W19: =E25 -> 0
L20: 합계 | M20: =SUM(M5:M19) -> 1410000 | N20: =SUM(N5:N19) -> 0 | V20: =IF(B26="","",B26) -> 보험료 | W20: =E26 -> 0
B21: 고정지출 | V21: =IF(B27="","",B27) -> 구독 서비스 | W21: =E27 -> 0
B22: 항목 | C22: 예산 | D22: 결제일 | E22: 실제 | V22: =IF(B28="","",B28) -> 교통 정기권 | W22: =E28 -> 0
B23: =IF(설정!$B$16="","",설정!$B$16) -> 월세 / 주택대출 상환 | C23: =IF(설정!$C$16="","",설정!$C$16) -> 600000 | D23: =IF(설정!$D$16="","",설정!$D$16) -> 25일 | V23: =IF(B29="","",B29) -> 적금 | W23: =E29 -> 0
B24: =IF(설정!$B$17="","",설정!$B$17) -> 관리비 | C24: =IF(설정!$C$17="","",설정!$C$17) -> 150000 | D24: =IF(설정!$D$17="","",설정!$D$17) -> 30일 | V24: =IF(B30="","",B30) -> 청약저축 | W24: =E30 -> 0
B25: =IF(설정!$B$18="","",설정!$B$18) -> 통신비 (휴대폰·인터넷) | C25: =IF(설정!$C$18="","",설정!$C$18) -> 88000 | D25: =IF(설정!$D$18="","",설정!$D$18) -> 15일 | V25: =IF(B31="","",B31) -> 대출 이자 | W25: =E31 -> 0
B26: =IF(설정!$B$19="","",설정!$B$19) -> 보험료 | C26: =IF(설정!$C$19="","",설정!$C$19) -> 120000 | D26: =IF(설정!$D$19="","",설정!$D$19) -> 5일 | V26: =IF(B32="","",B32) -> 공과금 (전기·가스·수도) | W26: =E32 -> 0
B27: =IF(설정!$B$20="","",설정!$B$20) -> 구독 서비스 | C27: =IF(설정!$C$20="","",설정!$C$20) -> 29000 | D27: =IF(설정!$D$20="","",설정!$D$20) -> 10일 | V27: =IF(B33="","",B33) | W27: =E33 -> 0
B28: =IF(설정!$B$21="","",설정!$B$21) -> 교통 정기권 | C28: =IF(설정!$C$21="","",설정!$C$21) -> 62000 | D28: =IF(설정!$D$21="","",설정!$D$21) -> 1일 | V28: =IF(B34="","",B34) | W28: =E34 -> 0
B29: =IF(설정!$B$22="","",설정!$B$22) -> 적금 | C29: =IF(설정!$C$22="","",설정!$C$22) -> 300000 | D29: =IF(설정!$D$22="","",설정!$D$22) -> 25일
B30: =IF(설정!$B$23="","",설정!$B$23) -> 청약저축 | C30: =IF(설정!$C$23="","",설정!$C$23) -> 100000 | D30: =IF(설정!$D$23="","",설정!$D$23) -> 25일
B31: =IF(설정!$B$24="","",설정!$B$24) -> 대출 이자 | C31: =IF(설정!$C$24="","",설정!$C$24) -> 180000 | D31: =IF(설정!$D$24="","",설정!$D$24) -> 25일
B32: =IF(설정!$B$25="","",설정!$B$25) -> 공과금 (전기·가스·수도) | C32: =IF(설정!$C$25="","",설정!$C$25) -> 140000 | D32: =IF(설정!$D$25="","",설정!$D$25) -> 말일
B33: =IF(설정!$B$26="","",설정!$B$26) | C33: =IF(설정!$C$26="","",설정!$C$26) | D33: =IF(설정!$D$26="","",설정!$D$26)
B34: =IF(설정!$B$27="","",설정!$B$27) | C34: =IF(설정!$C$27="","",설정!$C$27) | D34: =IF(설정!$D$27="","",설정!$D$27)
B35: 합계 | C35: =SUM(C23:C34) -> 1769000 | E35: =SUM(E23:E34) -> 0
B37: 저축·투자
B38: 항목 | C38: 목표 | D38: 실제 | E38: 차이
B39: =IF(설정!$B$49="","",설정!$B$49) -> 비상금 | C39: =IF(설정!$C$49="","",설정!$C$49) -> 150000 | E39: =IF(D39="","",D39-C39)
B40: =IF(설정!$B$50="","",설정!$B$50) -> 청약 / 내집마련 | C40: =IF(설정!$C$50="","",설정!$C$50) -> 100000 | E40: =IF(D40="","",D40-C40)
B41: =IF(설정!$B$51="","",설정!$B$51) -> 투자 (ETF·주식) | C41: =IF(설정!$C$51="","",설정!$C$51) -> 400000 | E41: =IF(D41="","",D41-C41)
B42: =IF(설정!$B$52="","",설정!$B$52) -> 여행 자금 | C42: =IF(설정!$C$52="","",설정!$C$52) -> 100000 | E42: =IF(D42="","",D42-C42)
B43: =IF(설정!$B$53="","",설정!$B$53) -> 노후 / 연금 | C43: =IF(설정!$C$53="","",설정!$C$53) -> 200000 | E43: =IF(D43="","",D43-C43)
B44: =IF(설정!$B$54="","",설정!$B$54) -> 목표 저축 | C44: =IF(설정!$C$54="","",설정!$C$54) -> 150000 | E44: =IF(D44="","",D44-C44)
B45: 합계 | C45: =SUM(C39:C44) -> 1100000 | D45: =SUM(D39:D44) -> 0 | E45: =D45-C45 -> -1100000
B47: 이달의 메모 · 회고
G55: 합계 | J55: =SUM(J5:J54) -> 0

Sheet 6월
B1: 6월 가계부 | L1: 제이슨의 머니쇼 · 2026 | V1: 월 지출(전체) 차트 데이터
V2: =IF(L5="","",L5) -> 식비 (장보기) | W2: =N5 -> 0
B3: 이번 달 한눈에 | G3: 변동지출 기록 | L3: 카테고리별 예산 vs 사용 | R3: 차트 데이터 | V3: =IF(L6="","",L6) -> 외식 / 카페 | W3: =N6 -> 0
B4: 총수입 | D4: =D19 -> 0 | G4: 날짜 | H4: 분류 | I4: 내용 | J4: 금액 | L4: 분류 | M4: 예산 | N4: 사용 | O4: 달성 | P4: 진행 | R4: 구분 | S4: 예산 | T4: 실제 | V4: =IF(L7="","",L7) -> 생활용품 | W4: =N7 -> 0
B5: 총지출 | D5: =E35+J55 -> 0 | L5: =IF(설정!$B$31="","",설정!$B$31) -> 식비 (장보기) | M5: =IF(설정!$C$31="","",설정!$C$31) -> 350000 | N5: =SUMIF($H$5:$H$54,L5,$J$5:$J$54) -> 0 | O5: =IFERROR(N5/M5,0) -> 0 | P5: =IF(M5="","",REPT("■",MIN(10,ROUND(O5*10,0)))&REPT("□",10-MIN(10,ROUND(O5*10,0)))) -> □□□□□□□□□□ | R5: 수입 | S5: =C19 -> 3950000 | T5: =D19 -> 0 | V5: =IF(L8="","",L8) -> 교통 / 차량 | W5: =N8 -> 0
B6: 저축·투자 | D6: =D45 -> 0 | L6: =IF(설정!$B$32="","",설정!$B$32) -> 외식 / 카페 | M6: =IF(설정!$C$32="","",설정!$C$32) -> 200000 | N6: =SUMIF($H$5:$H$54,L6,$J$5:$J$54) -> 0 | O6: =IFERROR(N6/M6,0) -> 0 | P6: =IF(M6="","",REPT("■",MIN(10,ROUND(O6*10,0)))&REPT("□",10-MIN(10,ROUND(O6*10,0)))) -> □□□□□□□□□□ | R6: 지출 | S6: =C35+M20 -> 3179000 | T6: =E35+J55 -> 0 | V6: =IF(L9="","",L9) -> 의료 / 건강 | W6: =N9 -> 0
B7: 남은 돈 | D7: =D4-D5-D6 -> 0 | L7: =IF(설정!$B$33="","",설정!$B$33) -> 생활용품 | M7: =IF(설정!$C$33="","",설정!$C$33) -> 80000 | N7: =SUMIF($H$5:$H$54,L7,$J$5:$J$54) -> 0 | O7: =IFERROR(N7/M7,0) -> 0 | P7: =IF(M7="","",REPT("■",MIN(10,ROUND(O7*10,0)))&REPT("□",10-MIN(10,ROUND(O7*10,0)))) -> □□□□□□□□□□ | R7: 저축 | S7: =C45 -> 1100000 | T7: =D45 -> 0 | V7: =IF(L10="","",L10) -> 의류 / 미용 | W7: =N10 -> 0
B8: 저축률 | D8: =IFERROR((D4-D5)/D4,0) -> 0 | L8: =IF(설정!$B$34="","",설정!$B$34) -> 교통 / 차량 | M8: =IF(설정!$C$34="","",설정!$C$34) -> 120000 | N8: =SUMIF($H$5:$H$54,L8,$J$5:$J$54) -> 0 | O8: =IFERROR(N8/M8,0) -> 0 | P8: =IF(M8="","",REPT("■",MIN(10,ROUND(O8*10,0)))&REPT("□",10-MIN(10,ROUND(O8*10,0)))) -> □□□□□□□□□□ | V8: =IF(L11="","",L11) -> 교육 / 자기계발 | W8: =N11 -> 0
L9: =IF(설정!$B$35="","",설정!$B$35) -> 의료 / 건강 | M9: =IF(설정!$C$35="","",설정!$C$35) -> 60000 | N9: =SUMIF($H$5:$H$54,L9,$J$5:$J$54) -> 0 | O9: =IFERROR(N9/M9,0) -> 0 | P9: =IF(M9="","",REPT("■",MIN(10,ROUND(O9*10,0)))&REPT("□",10-MIN(10,ROUND(O9*10,0)))) -> □□□□□□□□□□ | R9: 고정지출 | S9: =E35 -> 0 | V9: =IF(L12="","",L12) -> 문화 / 여가 | W9: =N12 -> 0
B10: 수입 | L10: =IF(설정!$B$36="","",설정!$B$36) -> 의류 / 미용 | M10: =IF(설정!$C$36="","",설정!$C$36) -> 100000 | N10: =SUMIF($H$5:$H$54,L10,$J$5:$J$54) -> 0 | O10: =IFERROR(N10/M10,0) -> 0 | P10: =IF(M10="","",REPT("■",MIN(10,ROUND(O10*10,0)))&REPT("□",10-MIN(10,ROUND(O10*10,0)))) -> □□□□□□□□□□ | R10: 변동지출 | S10: =J55 -> 0 | V10: =IF(L13="","",L13) -> 경조사 / 선물 | W10: =N13 -> 0
B11: 항목 | C11: 예상 | D11: 실제 | E11: 차이 | L11: =IF(설정!$B$37="","",설정!$B$37) -> 교육 / 자기계발 | M11: =IF(설정!$C$37="","",설정!$C$37) -> 80000 | N11: =SUMIF($H$5:$H$54,L11,$J$5:$J$54) -> 0 | O11: =IFERROR(N11/M11,0) -> 0 | P11: =IF(M11="","",REPT("■",MIN(10,ROUND(O11*10,0)))&REPT("□",10-MIN(10,ROUND(O11*10,0)))) -> □□□□□□□□□□ | V11: =IF(L14="","",L14) -> 자녀 / 육아 | W11: =N14 -> 0
B12: =IF(설정!$B$6="","",설정!$B$6) -> 월급 (본업) | C12: =IF(설정!$C$6="","",설정!$C$6) -> 3500000 | E12: =IF(D12="","",D12-C12) | L12: =IF(설정!$B$38="","",설정!$B$38) -> 문화 / 여가 | M12: =IF(설정!$C$38="","",설정!$C$38) -> 80000 | N12: =SUMIF($H$5:$H$54,L12,$J$5:$J$54) -> 0 | O12: =IFERROR(N12/M12,0) -> 0 | P12: =IF(M12="","",REPT("■",MIN(10,ROUND(O12*10,0)))&REPT("□",10-MIN(10,ROUND(O12*10,0)))) -> □□□□□□□□□□ | V12: =IF(L15="","",L15) -> 반려동물 | W12: =N15 -> 0
B13: =IF(설정!$B$7="","",설정!$B$7) -> 부수입 / 사이드잡 | C13: =IF(설정!$C$7="","",설정!$C$7) -> 400000 | E13: =IF(D13="","",D13-C13) | L13: =IF(설정!$B$39="","",설정!$B$39) -> 경조사 / 선물 | M13: =IF(설정!$C$39="","",설정!$C$39) -> 100000 | N13: =SUMIF($H$5:$H$54,L13,$J$5:$J$54) -> 0 | O13: =IFERROR(N13/M13,0) -> 0 | P13: =IF(M13="","",REPT("■",MIN(10,ROUND(O13*10,0)))&REPT("□",10-MIN(10,ROUND(O13*10,0)))) -> □□□□□□□□□□ | V13: =IF(L16="","",L16) -> 여행 | W13: =N16 -> 0
B14: =IF(설정!$B$8="","",설정!$B$8) -> 상여 / 보너스 | C14: =IF(설정!$C$8="","",설정!$C$8) -> 0 | E14: =IF(D14="","",D14-C14) | L14: =IF(설정!$B$40="","",설정!$B$40) -> 자녀 / 육아 | M14: =IF(설정!$C$40="","",설정!$C$40) -> 0 | N14: =SUMIF($H$5:$H$54,L14,$J$5:$J$54) -> 0 | O14: =IFERROR(N14/M14,0) -> 0 | P14: =IF(M14="","",REPT("■",MIN(10,ROUND(O14*10,0)))&REPT("□",10-MIN(10,ROUND(O14*10,0)))) -> □□□□□□□□□□ | V14: =IF(L17="","",L17) -> 통신 / 디지털 | W14: =N17 -> 0
B15: =IF(설정!$B$9="","",설정!$B$9) -> 이자 / 배당 | C15: =IF(설정!$C$9="","",설정!$C$9) -> 50000 | E15: =IF(D15="","",D15-C15) | L15: =IF(설정!$B$41="","",설정!$B$41) -> 반려동물 | M15: =IF(설정!$C$41="","",설정!$C$41) -> 0 | N15: =SUMIF($H$5:$H$54,L15,$J$5:$J$54) -> 0 | O15: =IFERROR(N15/M15,0) -> 0 | P15: =IF(M15="","",REPT("■",MIN(10,ROUND(O15*10,0)))&REPT("□",10-MIN(10,ROUND(O15*10,0)))) -> □□□□□□□□□□ | V15: =IF(L18="","",L18) -> 기부 / 후원 | W15: =N18 -> 0
B16: =IF(설정!$B$10="","",설정!$B$10) -> 용돈 / 기타 | C16: =IF(설정!$C$10="","",설정!$C$10) -> 0 | E16: =IF(D16="","",D16-C16) | L16: =IF(설정!$B$42="","",설정!$B$42) -> 여행 | M16: =IF(설정!$C$42="","",설정!$C$42) -> 100000 | N16: =SUMIF($H$5:$H$54,L16,$J$5:$J$54) -> 0 | O16: =IFERROR(N16/M16,0) -> 0 | P16: =IF(M16="","",REPT("■",MIN(10,ROUND(O16*10,0)))&REPT("□",10-MIN(10,ROUND(O16*10,0)))) -> □□□□□□□□□□ | V16: =IF(L19="","",L19) -> 기타 | W16: =N19 -> 0
B17: =IF(설정!$B$11="","",설정!$B$11) | C17: =IF(설정!$C$11="","",설정!$C$11) | E17: =IF(D17="","",D17-C17) | L17: =IF(설정!$B$43="","",설정!$B$43) -> 통신 / 디지털 | M17: =IF(설정!$C$43="","",설정!$C$43) -> 30000 | N17: =SUMIF($H$5:$H$54,L17,$J$5:$J$54) -> 0 | O17: =IFERROR(N17/M17,0) -> 0 | P17: =IF(M17="","",REPT("■",MIN(10,ROUND(O17*10,0)))&REPT("□",10-MIN(10,ROUND(O17*10,0)))) -> □□□□□□□□□□ | V17: =IF(B23="","",B23) -> 월세 / 주택대출 상환 | W17: =E23 -> 0
B18: =IF(설정!$B$12="","",설정!$B$12) | C18: =IF(설정!$C$12="","",설정!$C$12) | E18: =IF(D18="","",D18-C18) | L18: =IF(설정!$B$44="","",설정!$B$44) -> 기부 / 후원 | M18: =IF(설정!$C$44="","",설정!$C$44) -> 30000 | N18: =SUMIF($H$5:$H$54,L18,$J$5:$J$54) -> 0 | O18: =IFERROR(N18/M18,0) -> 0 | P18: =IF(M18="","",REPT("■",MIN(10,ROUND(O18*10,0)))&REPT("□",10-MIN(10,ROUND(O18*10,0)))) -> □□□□□□□□□□ | V18: =IF(B24="","",B24) -> 관리비 | W18: =E24 -> 0
B19: 합계 | C19: =SUM(C12:C18) -> 3950000 | D19: =SUM(D12:D18) -> 0 | E19: =D19-C19 -> -3950000 | L19: =IF(설정!$B$45="","",설정!$B$45) -> 기타 | M19: =IF(설정!$C$45="","",설정!$C$45) -> 80000 | N19: =SUMIF($H$5:$H$54,L19,$J$5:$J$54) -> 0 | O19: =IFERROR(N19/M19,0) -> 0 | P19: =IF(M19="","",REPT("■",MIN(10,ROUND(O19*10,0)))&REPT("□",10-MIN(10,ROUND(O19*10,0)))) -> □□□□□□□□□□ | V19: =IF(B25="","",B25) -> 통신비 (휴대폰·인터넷) | W19: =E25 -> 0
L20: 합계 | M20: =SUM(M5:M19) -> 1410000 | N20: =SUM(N5:N19) -> 0 | V20: =IF(B26="","",B26) -> 보험료 | W20: =E26 -> 0
B21: 고정지출 | V21: =IF(B27="","",B27) -> 구독 서비스 | W21: =E27 -> 0
B22: 항목 | C22: 예산 | D22: 결제일 | E22: 실제 | V22: =IF(B28="","",B28) -> 교통 정기권 | W22: =E28 -> 0
B23: =IF(설정!$B$16="","",설정!$B$16) -> 월세 / 주택대출 상환 | C23: =IF(설정!$C$16="","",설정!$C$16) -> 600000 | D23: =IF(설정!$D$16="","",설정!$D$16) -> 25일 | V23: =IF(B29="","",B29) -> 적금 | W23: =E29 -> 0
B24: =IF(설정!$B$17="","",설정!$B$17) -> 관리비 | C24: =IF(설정!$C$17="","",설정!$C$17) -> 150000 | D24: =IF(설정!$D$17="","",설정!$D$17) -> 30일 | V24: =IF(B30="","",B30) -> 청약저축 | W24: =E30 -> 0
B25: =IF(설정!$B$18="","",설정!$B$18) -> 통신비 (휴대폰·인터넷) | C25: =IF(설정!$C$18="","",설정!$C$18) -> 88000 | D25: =IF(설정!$D$18="","",설정!$D$18) -> 15일 | V25: =IF(B31="","",B31) -> 대출 이자 | W25: =E31 -> 0
B26: =IF(설정!$B$19="","",설정!$B$19) -> 보험료 | C26: =IF(설정!$C$19="","",설정!$C$19) -> 120000 | D26: =IF(설정!$D$19="","",설정!$D$19) -> 5일 | V26: =IF(B32="","",B32) -> 공과금 (전기·가스·수도) | W26: =E32 -> 0
B27: =IF(설정!$B$20="","",설정!$B$20) -> 구독 서비스 | C27: =IF(설정!$C$20="","",설정!$C$20) -> 29000 | D27: =IF(설정!$D$20="","",설정!$D$20) -> 10일 | V27: =IF(B33="","",B33) | W27: =E33 -> 0
B28: =IF(설정!$B$21="","",설정!$B$21) -> 교통 정기권 | C28: =IF(설정!$C$21="","",설정!$C$21) -> 62000 | D28: =IF(설정!$D$21="","",설정!$D$21) -> 1일 | V28: =IF(B34="","",B34) | W28: =E34 -> 0
B29: =IF(설정!$B$22="","",설정!$B$22) -> 적금 | C29: =IF(설정!$C$22="","",설정!$C$22) -> 300000 | D29: =IF(설정!$D$22="","",설정!$D$22) -> 25일
B30: =IF(설정!$B$23="","",설정!$B$23) -> 청약저축 | C30: =IF(설정!$C$23="","",설정!$C$23) -> 100000 | D30: =IF(설정!$D$23="","",설정!$D$23) -> 25일
B31: =IF(설정!$B$24="","",설정!$B$24) -> 대출 이자 | C31: =IF(설정!$C$24="","",설정!$C$24) -> 180000 | D31: =IF(설정!$D$24="","",설정!$D$24) -> 25일
B32: =IF(설정!$B$25="","",설정!$B$25) -> 공과금 (전기·가스·수도) | C32: =IF(설정!$C$25="","",설정!$C$25) -> 140000 | D32: =IF(설정!$D$25="","",설정!$D$25) -> 말일
B33: =IF(설정!$B$26="","",설정!$B$26) | C33: =IF(설정!$C$26="","",설정!$C$26) | D33: =IF(설정!$D$26="","",설정!$D$26)
B34: =IF(설정!$B$27="","",설정!$B$27) | C34: =IF(설정!$C$27="","",설정!$C$27) | D34: =IF(설정!$D$27="","",설정!$D$27)
B35: 합계 | C35: =SUM(C23:C34) -> 1769000 | E35: =SUM(E23:E34) -> 0
B37: 저축·투자
B38: 항목 | C38: 목표 | D38: 실제 | E38: 차이
B39: =IF(설정!$B$49="","",설정!$B$49) -> 비상금 | C39: =IF(설정!$C$49="","",설정!$C$49) -> 150000 | E39: =IF(D39="","",D39-C39)
B40: =IF(설정!$B$50="","",설정!$B$50) -> 청약 / 내집마련 | C40: =IF(설정!$C$50="","",설정!$C$50) -> 100000 | E40: =IF(D40="","",D40-C40)
B41: =IF(설정!$B$51="","",설정!$B$51) -> 투자 (ETF·주식) | C41: =IF(설정!$C$51="","",설정!$C$51) -> 400000 | E41: =IF(D41="","",D41-C41)
B42: =IF(설정!$B$52="","",설정!$B$52) -> 여행 자금 | C42: =IF(설정!$C$52="","",설정!$C$52) -> 100000 | E42: =IF(D42="","",D42-C42)
B43: =IF(설정!$B$53="","",설정!$B$53) -> 노후 / 연금 | C43: =IF(설정!$C$53="","",설정!$C$53) -> 200000 | E43: =IF(D43="","",D43-C43)
B44: =IF(설정!$B$54="","",설정!$B$54) -> 목표 저축 | C44: =IF(설정!$C$54="","",설정!$C$54) -> 150000 | E44: =IF(D44="","",D44-C44)
B45: 합계 | C45: =SUM(C39:C44) -> 1100000 | D45: =SUM(D39:D44) -> 0 | E45: =D45-C45 -> -1100000
B47: 이달의 메모 · 회고
G55: 합계 | J55: =SUM(J5:J54) -> 0

Sheet 7월
B1: 7월 가계부 | L1: 제이슨의 머니쇼 · 2026 | V1: 월 지출(전체) 차트 데이터
V2: =IF(L5="","",L5) -> 식비 (장보기) | W2: =N5 -> 0
B3: 이번 달 한눈에 | G3: 변동지출 기록 | L3: 카테고리별 예산 vs 사용 | R3: 차트 데이터 | V3: =IF(L6="","",L6) -> 외식 / 카페 | W3: =N6 -> 0
B4: 총수입 | D4: =D19 -> 0 | G4: 날짜 | H4: 분류 | I4: 내용 | J4: 금액 | L4: 분류 | M4: 예산 | N4: 사용 | O4: 달성 | P4: 진행 | R4: 구분 | S4: 예산 | T4: 실제 | V4: =IF(L7="","",L7) -> 생활용품 | W4: =N7 -> 0
B5: 총지출 | D5: =E35+J55 -> 0 | L5: =IF(설정!$B$31="","",설정!$B$31) -> 식비 (장보기) | M5: =IF(설정!$C$31="","",설정!$C$31) -> 350000 | N5: =SUMIF($H$5:$H$54,L5,$J$5:$J$54) -> 0 | O5: =IFERROR(N5/M5,0) -> 0 | P5: =IF(M5="","",REPT("■",MIN(10,ROUND(O5*10,0)))&REPT("□",10-MIN(10,ROUND(O5*10,0)))) -> □□□□□□□□□□ | R5: 수입 | S5: =C19 -> 3950000 | T5: =D19 -> 0 | V5: =IF(L8="","",L8) -> 교통 / 차량 | W5: =N8 -> 0
B6: 저축·투자 | D6: =D45 -> 0 | L6: =IF(설정!$B$32="","",설정!$B$32) -> 외식 / 카페 | M6: =IF(설정!$C$32="","",설정!$C$32) -> 200000 | N6: =SUMIF($H$5:$H$54,L6,$J$5:$J$54) -> 0 | O6: =IFERROR(N6/M6,0) -> 0 | P6: =IF(M6="","",REPT("■",MIN(10,ROUND(O6*10,0)))&REPT("□",10-MIN(10,ROUND(O6*10,0)))) -> □□□□□□□□□□ | R6: 지출 | S6: =C35+M20 -> 3179000 | T6: =E35+J55 -> 0 | V6: =IF(L9="","",L9) -> 의료 / 건강 | W6: =N9 -> 0
B7: 남은 돈 | D7: =D4-D5-D6 -> 0 | L7: =IF(설정!$B$33="","",설정!$B$33) -> 생활용품 | M7: =IF(설정!$C$33="","",설정!$C$33) -> 80000 | N7: =SUMIF($H$5:$H$54,L7,$J$5:$J$54) -> 0 | O7: =IFERROR(N7/M7,0) -> 0 | P7: =IF(M7="","",REPT("■",MIN(10,ROUND(O7*10,0)))&REPT("□",10-MIN(10,ROUND(O7*10,0)))) -> □□□□□□□□□□ | R7: 저축 | S7: =C45 -> 1100000 | T7: =D45 -> 0 | V7: =IF(L10="","",L10) -> 의류 / 미용 | W7: =N10 -> 0
B8: 저축률 | D8: =IFERROR((D4-D5)/D4,0) -> 0 | L8: =IF(설정!$B$34="","",설정!$B$34) -> 교통 / 차량 | M8: =IF(설정!$C$34="","",설정!$C$34) -> 120000 | N8: =SUMIF($H$5:$H$54,L8,$J$5:$J$54) -> 0 | O8: =IFERROR(N8/M8,0) -> 0 | P8: =IF(M8="","",REPT("■",MIN(10,ROUND(O8*10,0)))&REPT("□",10-MIN(10,ROUND(O8*10,0)))) -> □□□□□□□□□□ | V8: =IF(L11="","",L11) -> 교육 / 자기계발 | W8: =N11 -> 0
L9: =IF(설정!$B$35="","",설정!$B$35) -> 의료 / 건강 | M9: =IF(설정!$C$35="","",설정!$C$35) -> 60000 | N9: =SUMIF($H$5:$H$54,L9,$J$5:$J$54) -> 0 | O9: =IFERROR(N9/M9,0) -> 0 | P9: =IF(M9="","",REPT("■",MIN(10,ROUND(O9*10,0)))&REPT("□",10-MIN(10,ROUND(O9*10,0)))) -> □□□□□□□□□□ | R9: 고정지출 | S9: =E35 -> 0 | V9: =IF(L12="","",L12) -> 문화 / 여가 | W9: =N12 -> 0
B10: 수입 | L10: =IF(설정!$B$36="","",설정!$B$36) -> 의류 / 미용 | M10: =IF(설정!$C$36="","",설정!$C$36) -> 100000 | N10: =SUMIF($H$5:$H$54,L10,$J$5:$J$54) -> 0 | O10: =IFERROR(N10/M10,0) -> 0 | P10: =IF(M10="","",REPT("■",MIN(10,ROUND(O10*10,0)))&REPT("□",10-MIN(10,ROUND(O10*10,0)))) -> □□□□□□□□□□ | R10: 변동지출 | S10: =J55 -> 0 | V10: =IF(L13="","",L13) -> 경조사 / 선물 | W10: =N13 -> 0
B11: 항목 | C11: 예상 | D11: 실제 | E11: 차이 | L11: =IF(설정!$B$37="","",설정!$B$37) -> 교육 / 자기계발 | M11: =IF(설정!$C$37="","",설정!$C$37) -> 80000 | N11: =SUMIF($H$5:$H$54,L11,$J$5:$J$54) -> 0 | O11: =IFERROR(N11/M11,0) -> 0 | P11: =IF(M11="","",REPT("■",MIN(10,ROUND(O11*10,0)))&REPT("□",10-MIN(10,ROUND(O11*10,0)))) -> □□□□□□□□□□ | V11: =IF(L14="","",L14) -> 자녀 / 육아 | W11: =N14 -> 0
B12: =IF(설정!$B$6="","",설정!$B$6) -> 월급 (본업) | C12: =IF(설정!$C$6="","",설정!$C$6) -> 3500000 | E12: =IF(D12="","",D12-C12) | L12: =IF(설정!$B$38="","",설정!$B$38) -> 문화 / 여가 | M12: =IF(설정!$C$38="","",설정!$C$38) -> 80000 | N12: =SUMIF($H$5:$H$54,L12,$J$5:$J$54) -> 0 | O12: =IFERROR(N12/M12,0) -> 0 | P12: =IF(M12="","",REPT("■",MIN(10,ROUND(O12*10,0)))&REPT("□",10-MIN(10,ROUND(O12*10,0)))) -> □□□□□□□□□□ | V12: =IF(L15="","",L15) -> 반려동물 | W12: =N15 -> 0
B13: =IF(설정!$B$7="","",설정!$B$7) -> 부수입 / 사이드잡 | C13: =IF(설정!$C$7="","",설정!$C$7) -> 400000 | E13: =IF(D13="","",D13-C13) | L13: =IF(설정!$B$39="","",설정!$B$39) -> 경조사 / 선물 | M13: =IF(설정!$C$39="","",설정!$C$39) -> 100000 | N13: =SUMIF($H$5:$H$54,L13,$J$5:$J$54) -> 0 | O13: =IFERROR(N13/M13,0) -> 0 | P13: =IF(M13="","",REPT("■",MIN(10,ROUND(O13*10,0)))&REPT("□",10-MIN(10,ROUND(O13*10,0)))) -> □□□□□□□□□□ | V13: =IF(L16="","",L16) -> 여행 | W13: =N16 -> 0
B14: =IF(설정!$B$8="","",설정!$B$8) -> 상여 / 보너스 | C14: =IF(설정!$C$8="","",설정!$C$8) -> 0 | E14: =IF(D14="","",D14-C14) | L14: =IF(설정!$B$40="","",설정!$B$40) -> 자녀 / 육아 | M14: =IF(설정!$C$40="","",설정!$C$40) -> 0 | N14: =SUMIF($H$5:$H$54,L14,$J$5:$J$54) -> 0 | O14: =IFERROR(N14/M14,0) -> 0 | P14: =IF(M14="","",REPT("■",MIN(10,ROUND(O14*10,0)))&REPT("□",10-MIN(10,ROUND(O14*10,0)))) -> □□□□□□□□□□ | V14: =IF(L17="","",L17) -> 통신 / 디지털 | W14: =N17 -> 0
B15: =IF(설정!$B$9="","",설정!$B$9) -> 이자 / 배당 | C15: =IF(설정!$C$9="","",설정!$C$9) -> 50000 | E15: =IF(D15="","",D15-C15) | L15: =IF(설정!$B$41="","",설정!$B$41) -> 반려동물 | M15: =IF(설정!$C$41="","",설정!$C$41) -> 0 | N15: =SUMIF($H$5:$H$54,L15,$J$5:$J$54) -> 0 | O15: =IFERROR(N15/M15,0) -> 0 | P15: =IF(M15="","",REPT("■",MIN(10,ROUND(O15*10,0)))&REPT("□",10-MIN(10,ROUND(O15*10,0)))) -> □□□□□□□□□□ | V15: =IF(L18="","",L18) -> 기부 / 후원 | W15: =N18 -> 0
B16: =IF(설정!$B$10="","",설정!$B$10) -> 용돈 / 기타 | C16: =IF(설정!$C$10="","",설정!$C$10) -> 0 | E16: =IF(D16="","",D16-C16) | L16: =IF(설정!$B$42="","",설정!$B$42) -> 여행 | M16: =IF(설정!$C$42="","",설정!$C$42) -> 100000 | N16: =SUMIF($H$5:$H$54,L16,$J$5:$J$54) -> 0 | O16: =IFERROR(N16/M16,0) -> 0 | P16: =IF(M16="","",REPT("■",MIN(10,ROUND(O16*10,0)))&REPT("□",10-MIN(10,ROUND(O16*10,0)))) -> □□□□□□□□□□ | V16: =IF(L19="","",L19) -> 기타 | W16: =N19 -> 0
B17: =IF(설정!$B$11="","",설정!$B$11) | C17: =IF(설정!$C$11="","",설정!$C$11) | E17: =IF(D17="","",D17-C17) | L17: =IF(설정!$B$43="","",설정!$B$43) -> 통신 / 디지털 | M17: =IF(설정!$C$43="","",설정!$C$43) -> 30000 | N17: =SUMIF($H$5:$H$54,L17,$J$5:$J$54) -> 0 | O17: =IFERROR(N17/M17,0) -> 0 | P17: =IF(M17="","",REPT("■",MIN(10,ROUND(O17*10,0)))&REPT("□",10-MIN(10,ROUND(O17*10,0)))) -> □□□□□□□□□□ | V17: =IF(B23="","",B23) -> 월세 / 주택대출 상환 | W17: =E23 -> 0
B18: =IF(설정!$B$12="","",설정!$B$12) | C18: =IF(설정!$C$12="","",설정!$C$12) | E18: =IF(D18="","",D18-C18) | L18: =IF(설정!$B$44="","",설정!$B$44) -> 기부 / 후원 | M18: =IF(설정!$C$44="","",설정!$C$44) -> 30000 | N18: =SUMIF($H$5:$H$54,L18,$J$5:$J$54) -> 0 | O18: =IFERROR(N18/M18,0) -> 0 | P18: =IF(M18="","",REPT("■",MIN(10,ROUND(O18*10,0)))&REPT("□",10-MIN(10,ROUND(O18*10,0)))) -> □□□□□□□□□□ | V18: =IF(B24="","",B24) -> 관리비 | W18: =E24 -> 0
B19: 합계 | C19: =SUM(C12:C18) -> 3950000 | D19: =SUM(D12:D18) -> 0 | E19: =D19-C19 -> -3950000 | L19: =IF(설정!$B$45="","",설정!$B$45) -> 기타 | M19: =IF(설정!$C$45="","",설정!$C$45) -> 80000 | N19: =SUMIF($H$5:$H$54,L19,$J$5:$J$54) -> 0 | O19: =IFERROR(N19/M19,0) -> 0 | P19: =IF(M19="","",REPT("■",MIN(10,ROUND(O19*10,0)))&REPT("□",10-MIN(10,ROUND(O19*10,0)))) -> □□□□□□□□□□ | V19: =IF(B25="","",B25) -> 통신비 (휴대폰·인터넷) | W19: =E25 -> 0
L20: 합계 | M20: =SUM(M5:M19) -> 1410000 | N20: =SUM(N5:N19) -> 0 | V20: =IF(B26="","",B26) -> 보험료 | W20: =E26 -> 0
B21: 고정지출 | V21: =IF(B27="","",B27) -> 구독 서비스 | W21: =E27 -> 0
B22: 항목 | C22: 예산 | D22: 결제일 | E22: 실제 | V22: =IF(B28="","",B28) -> 교통 정기권 | W22: =E28 -> 0
B23: =IF(설정!$B$16="","",설정!$B$16) -> 월세 / 주택대출 상환 | C23: =IF(설정!$C$16="","",설정!$C$16) -> 600000 | D23: =IF(설정!$D$16="","",설정!$D$16) -> 25일 | V23: =IF(B29="","",B29) -> 적금 | W23: =E29 -> 0
B24: =IF(설정!$B$17="","",설정!$B$17) -> 관리비 | C24: =IF(설정!$C$17="","",설정!$C$17) -> 150000 | D24: =IF(설정!$D$17="","",설정!$D$17) -> 30일 | V24: =IF(B30="","",B30) -> 청약저축 | W24: =E30 -> 0
B25: =IF(설정!$B$18="","",설정!$B$18) -> 통신비 (휴대폰·인터넷) | C25: =IF(설정!$C$18="","",설정!$C$18) -> 88000 | D25: =IF(설정!$D$18="","",설정!$D$18) -> 15일 | V25: =IF(B31="","",B31) -> 대출 이자 | W25: =E31 -> 0
B26: =IF(설정!$B$19="","",설정!$B$19) -> 보험료 | C26: =IF(설정!$C$19="","",설정!$C$19) -> 120000 | D26: =IF(설정!$D$19="","",설정!$D$19) -> 5일 | V26: =IF(B32="","",B32) -> 공과금 (전기·가스·수도) | W26: =E32 -> 0
B27: =IF(설정!$B$20="","",설정!$B$20) -> 구독 서비스 | C27: =IF(설정!$C$20="","",설정!$C$20) -> 29000 | D27: =IF(설정!$D$20="","",설정!$D$20) -> 10일 | V27: =IF(B33="","",B33) | W27: =E33 -> 0
B28: =IF(설정!$B$21="","",설정!$B$21) -> 교통 정기권 | C28: =IF(설정!$C$21="","",설정!$C$21) -> 62000 | D28: =IF(설정!$D$21="","",설정!$D$21) -> 1일 | V28: =IF(B34="","",B34) | W28: =E34 -> 0
B29: =IF(설정!$B$22="","",설정!$B$22) -> 적금 | C29: =IF(설정!$C$22="","",설정!$C$22) -> 300000 | D29: =IF(설정!$D$22="","",설정!$D$22) -> 25일
B30: =IF(설정!$B$23="","",설정!$B$23) -> 청약저축 | C30: =IF(설정!$C$23="","",설정!$C$23) -> 100000 | D30: =IF(설정!$D$23="","",설정!$D$23) -> 25일
B31: =IF(설정!$B$24="","",설정!$B$24) -> 대출 이자 | C31: =IF(설정!$C$24="","",설정!$C$24) -> 180000 | D31: =IF(설정!$D$24="","",설정!$D$24) -> 25일
B32: =IF(설정!$B$25="","",설정!$B$25) -> 공과금 (전기·가스·수도) | C32: =IF(설정!$C$25="","",설정!$C$25) -> 140000 | D32: =IF(설정!$D$25="","",설정!$D$25) -> 말일
B33: =IF(설정!$B$26="","",설정!$B$26) | C33: =IF(설정!$C$26="","",설정!$C$26) | D33: =IF(설정!$D$26="","",설정!$D$26)
B34: =IF(설정!$B$27="","",설정!$B$27) | C34: =IF(설정!$C$27="","",설정!$C$27) | D34: =IF(설정!$D$27="","",설정!$D$27)
B35: 합계 | C35: =SUM(C23:C34) -> 1769000 | E35: =SUM(E23:E34) -> 0
B37: 저축·투자
B38: 항목 | C38: 목표 | D38: 실제 | E38: 차이
B39: =IF(설정!$B$49="","",설정!$B$49) -> 비상금 | C39: =IF(설정!$C$49="","",설정!$C$49) -> 150000 | E39: =IF(D39="","",D39-C39)
B40: =IF(설정!$B$50="","",설정!$B$50) -> 청약 / 내집마련 | C40: =IF(설정!$C$50="","",설정!$C$50) -> 100000 | E40: =IF(D40="","",D40-C40)
B41: =IF(설정!$B$51="","",설정!$B$51) -> 투자 (ETF·주식) | C41: =IF(설정!$C$51="","",설정!$C$51) -> 400000 | E41: =IF(D41="","",D41-C41)
B42: =IF(설정!$B$52="","",설정!$B$52) -> 여행 자금 | C42: =IF(설정!$C$52="","",설정!$C$52) -> 100000 | E42: =IF(D42="","",D42-C42)
B43: =IF(설정!$B$53="","",설정!$B$53) -> 노후 / 연금 | C43: =IF(설정!$C$53="","",설정!$C$53) -> 200000 | E43: =IF(D43="","",D43-C43)
B44: =IF(설정!$B$54="","",설정!$B$54) -> 목표 저축 | C44: =IF(설정!$C$54="","",설정!$C$54) -> 150000 | E44: =IF(D44="","",D44-C44)
B45: 합계 | C45: =SUM(C39:C44) -> 1100000 | D45: =SUM(D39:D44) -> 0 | E45: =D45-C45 -> -1100000
B47: 이달의 메모 · 회고
G55: 합계 | J55: =SUM(J5:J54) -> 0

Sheet 8월
B1: 8월 가계부 | L1: 제이슨의 머니쇼 · 2026 | V1: 월 지출(전체) 차트 데이터
V2: =IF(L5="","",L5) -> 식비 (장보기) | W2: =N5 -> 0
B3: 이번 달 한눈에 | G3: 변동지출 기록 | L3: 카테고리별 예산 vs 사용 | R3: 차트 데이터 | V3: =IF(L6="","",L6) -> 외식 / 카페 | W3: =N6 -> 0
B4: 총수입 | D4: =D19 -> 0 | G4: 날짜 | H4: 분류 | I4: 내용 | J4: 금액 | L4: 분류 | M4: 예산 | N4: 사용 | O4: 달성 | P4: 진행 | R4: 구분 | S4: 예산 | T4: 실제 | V4: =IF(L7="","",L7) -> 생활용품 | W4: =N7 -> 0
B5: 총지출 | D5: =E35+J55 -> 0 | L5: =IF(설정!$B$31="","",설정!$B$31) -> 식비 (장보기) | M5: =IF(설정!$C$31="","",설정!$C$31) -> 350000 | N5: =SUMIF($H$5:$H$54,L5,$J$5:$J$54) -> 0 | O5: =IFERROR(N5/M5,0) -> 0 | P5: =IF(M5="","",REPT("■",MIN(10,ROUND(O5*10,0)))&REPT("□",10-MIN(10,ROUND(O5*10,0)))) -> □□□□□□□□□□ | R5: 수입 | S5: =C19 -> 3950000 | T5: =D19 -> 0 | V5: =IF(L8="","",L8) -> 교통 / 차량 | W5: =N8 -> 0
B6: 저축·투자 | D6: =D45 -> 0 | L6: =IF(설정!$B$32="","",설정!$B$32) -> 외식 / 카페 | M6: =IF(설정!$C$32="","",설정!$C$32) -> 200000 | N6: =SUMIF($H$5:$H$54,L6,$J$5:$J$54) -> 0 | O6: =IFERROR(N6/M6,0) -> 0 | P6: =IF(M6="","",REPT("■",MIN(10,ROUND(O6*10,0)))&REPT("□",10-MIN(10,ROUND(O6*10,0)))) -> □□□□□□□□□□ | R6: 지출 | S6: =C35+M20 -> 3179000 | T6: =E35+J55 -> 0 | V6: =IF(L9="","",L9) -> 의료 / 건강 | W6: =N9 -> 0
B7: 남은 돈 | D7: =D4-D5-D6 -> 0 | L7: =IF(설정!$B$33="","",설정!$B$33) -> 생활용품 | M7: =IF(설정!$C$33="","",설정!$C$33) -> 80000 | N7: =SUMIF($H$5:$H$54,L7,$J$5:$J$54) -> 0 | O7: =IFERROR(N7/M7,0) -> 0 | P7: =IF(M7="","",REPT("■",MIN(10,ROUND(O7*10,0)))&REPT("□",10-MIN(10,ROUND(O7*10,0)))) -> □□□□□□□□□□ | R7: 저축 | S7: =C45 -> 1100000 | T7: =D45 -> 0 | V7: =IF(L10="","",L10) -> 의류 / 미용 | W7: =N10 -> 0
B8: 저축률 | D8: =IFERROR((D4-D5)/D4,0) -> 0 | L8: =IF(설정!$B$34="","",설정!$B$34) -> 교통 / 차량 | M8: =IF(설정!$C$34="","",설정!$C$34) -> 120000 | N8: =SUMIF($H$5:$H$54,L8,$J$5:$J$54) -> 0 | O8: =IFERROR(N8/M8,0) -> 0 | P8: =IF(M8="","",REPT("■",MIN(10,ROUND(O8*10,0)))&REPT("□",10-MIN(10,ROUND(O8*10,0)))) -> □□□□□□□□□□ | V8: =IF(L11="","",L11) -> 교육 / 자기계발 | W8: =N11 -> 0
L9: =IF(설정!$B$35="","",설정!$B$35) -> 의료 / 건강 | M9: =IF(설정!$C$35="","",설정!$C$35) -> 60000 | N9: =SUMIF($H$5:$H$54,L9,$J$5:$J$54) -> 0 | O9: =IFERROR(N9/M9,0) -> 0 | P9: =IF(M9="","",REPT("■",MIN(10,ROUND(O9*10,0)))&REPT("□",10-MIN(10,ROUND(O9*10,0)))) -> □□□□□□□□□□ | R9: 고정지출 | S9: =E35 -> 0 | V9: =IF(L12="","",L12) -> 문화 / 여가 | W9: =N12 -> 0
B10: 수입 | L10: =IF(설정!$B$36="","",설정!$B$36) -> 의류 / 미용 | M10: =IF(설정!$C$36="","",설정!$C$36) -> 100000 | N10: =SUMIF($H$5:$H$54,L10,$J$5:$J$54) -> 0 | O10: =IFERROR(N10/M10,0) -> 0 | P10: =IF(M10="","",REPT("■",MIN(10,ROUND(O10*10,0)))&REPT("□",10-MIN(10,ROUND(O10*10,0)))) -> □□□□□□□□□□ | R10: 변동지출 | S10: =J55 -> 0 | V10: =IF(L13="","",L13) -> 경조사 / 선물 | W10: =N13 -> 0
B11: 항목 | C11: 예상 | D11: 실제 | E11: 차이 | L11: =IF(설정!$B$37="","",설정!$B$37) -> 교육 / 자기계발 | M11: =IF(설정!$C$37="","",설정!$C$37) -> 80000 | N11: =SUMIF($H$5:$H$54,L11,$J$5:$J$54) -> 0 | O11: =IFERROR(N11/M11,0) -> 0 | P11: =IF(M11="","",REPT("■",MIN(10,ROUND(O11*10,0)))&REPT("□",10-MIN(10,ROUND(O11*10,0)))) -> □□□□□□□□□□ | V11: =IF(L14="","",L14) -> 자녀 / 육아 | W11: =N14 -> 0
B12: =IF(설정!$B$6="","",설정!$B$6) -> 월급 (본업) | C12: =IF(설정!$C$6="","",설정!$C$6) -> 3500000 | E12: =IF(D12="","",D12-C12) | L12: =IF(설정!$B$38="","",설정!$B$38) -> 문화 / 여가 | M12: =IF(설정!$C$38="","",설정!$C$38) -> 80000 | N12: =SUMIF($H$5:$H$54,L12,$J$5:$J$54) -> 0 | O12: =IFERROR(N12/M12,0) -> 0 | P12: =IF(M12="","",REPT("■",MIN(10,ROUND(O12*10,0)))&REPT("□",10-MIN(10,ROUND(O12*10,0)))) -> □□□□□□□□□□ | V12: =IF(L15="","",L15) -> 반려동물 | W12: =N15 -> 0
B13: =IF(설정!$B$7="","",설정!$B$7) -> 부수입 / 사이드잡 | C13: =IF(설정!$C$7="","",설정!$C$7) -> 400000 | E13: =IF(D13="","",D13-C13) | L13: =IF(설정!$B$39="","",설정!$B$39) -> 경조사 / 선물 | M13: =IF(설정!$C$39="","",설정!$C$39) -> 100000 | N13: =SUMIF($H$5:$H$54,L13,$J$5:$J$54) -> 0 | O13: =IFERROR(N13/M13,0) -> 0 | P13: =IF(M13="","",REPT("■",MIN(10,ROUND(O13*10,0)))&REPT("□",10-MIN(10,ROUND(O13*10,0)))) -> □□□□□□□□□□ | V13: =IF(L16="","",L16) -> 여행 | W13: =N16 -> 0
B14: =IF(설정!$B$8="","",설정!$B$8) -> 상여 / 보너스 | C14: =IF(설정!$C$8="","",설정!$C$8) -> 0 | E14: =IF(D14="","",D14-C14) | L14: =IF(설정!$B$40="","",설정!$B$40) -> 자녀 / 육아 | M14: =IF(설정!$C$40="","",설정!$C$40) -> 0 | N14: =SUMIF($H$5:$H$54,L14,$J$5:$J$54) -> 0 | O14: =IFERROR(N14/M14,0) -> 0 | P14: =IF(M14="","",REPT("■",MIN(10,ROUND(O14*10,0)))&REPT("□",10-MIN(10,ROUND(O14*10,0)))) -> □□□□□□□□□□ | V14: =IF(L17="","",L17) -> 통신 / 디지털 | W14: =N17 -> 0
B15: =IF(설정!$B$9="","",설정!$B$9) -> 이자 / 배당 | C15: =IF(설정!$C$9="","",설정!$C$9) -> 50000 | E15: =IF(D15="","",D15-C15) | L15: =IF(설정!$B$41="","",설정!$B$41) -> 반려동물 | M15: =IF(설정!$C$41="","",설정!$C$41) -> 0 | N15: =SUMIF($H$5:$H$54,L15,$J$5:$J$54) -> 0 | O15: =IFERROR(N15/M15,0) -> 0 | P15: =IF(M15="","",REPT("■",MIN(10,ROUND(O15*10,0)))&REPT("□",10-MIN(10,ROUND(O15*10,0)))) -> □□□□□□□□□□ | V15: =IF(L18="","",L18) -> 기부 / 후원 | W15: =N18 -> 0
B16: =IF(설정!$B$10="","",설정!$B$10) -> 용돈 / 기타 | C16: =IF(설정!$C$10="","",설정!$C$10) -> 0 | E16: =IF(D16="","",D16-C16) | L16: =IF(설정!$B$42="","",설정!$B$42) -> 여행 | M16: =IF(설정!$C$42="","",설정!$C$42) -> 100000 | N16: =SUMIF($H$5:$H$54,L16,$J$5:$J$54) -> 0 | O16: =IFERROR(N16/M16,0) -> 0 | P16: =IF(M16="","",REPT("■",MIN(10,ROUND(O16*10,0)))&REPT("□",10-MIN(10,ROUND(O16*10,0)))) -> □□□□□□□□□□ | V16: =IF(L19="","",L19) -> 기타 | W16: =N19 -> 0
B17: =IF(설정!$B$11="","",설정!$B$11) | C17: =IF(설정!$C$11="","",설정!$C$11) | E17: =IF(D17="","",D17-C17) | L17: =IF(설정!$B$43="","",설정!$B$43) -> 통신 / 디지털 | M17: =IF(설정!$C$43="","",설정!$C$43) -> 30000 | N17: =SUMIF($H$5:$H$54,L17,$J$5:$J$54) -> 0 | O17: =IFERROR(N17/M17,0) -> 0 | P17: =IF(M17="","",REPT("■",MIN(10,ROUND(O17*10,0)))&REPT("□",10-MIN(10,ROUND(O17*10,0)))) -> □□□□□□□□□□ | V17: =IF(B23="","",B23) -> 월세 / 주택대출 상환 | W17: =E23 -> 0
B18: =IF(설정!$B$12="","",설정!$B$12) | C18: =IF(설정!$C$12="","",설정!$C$12) | E18: =IF(D18="","",D18-C18) | L18: =IF(설정!$B$44="","",설정!$B$44) -> 기부 / 후원 | M18: =IF(설정!$C$44="","",설정!$C$44) -> 30000 | N18: =SUMIF($H$5:$H$54,L18,$J$5:$J$54) -> 0 | O18: =IFERROR(N18/M18,0) -> 0 | P18: =IF(M18="","",REPT("■",MIN(10,ROUND(O18*10,0)))&REPT("□",10-MIN(10,ROUND(O18*10,0)))) -> □□□□□□□□□□ | V18: =IF(B24="","",B24) -> 관리비 | W18: =E24 -> 0
B19: 합계 | C19: =SUM(C12:C18) -> 3950000 | D19: =SUM(D12:D18) -> 0 | E19: =D19-C19 -> -3950000 | L19: =IF(설정!$B$45="","",설정!$B$45) -> 기타 | M19: =IF(설정!$C$45="","",설정!$C$45) -> 80000 | N19: =SUMIF($H$5:$H$54,L19,$J$5:$J$54) -> 0 | O19: =IFERROR(N19/M19,0) -> 0 | P19: =IF(M19="","",REPT("■",MIN(10,ROUND(O19*10,0)))&REPT("□",10-MIN(10,ROUND(O19*10,0)))) -> □□□□□□□□□□ | V19: =IF(B25="","",B25) -> 통신비 (휴대폰·인터넷) | W19: =E25 -> 0
L20: 합계 | M20: =SUM(M5:M19) -> 1410000 | N20: =SUM(N5:N19) -> 0 | V20: =IF(B26="","",B26) -> 보험료 | W20: =E26 -> 0
B21: 고정지출 | V21: =IF(B27="","",B27) -> 구독 서비스 | W21: =E27 -> 0
B22: 항목 | C22: 예산 | D22: 결제일 | E22: 실제 | V22: =IF(B28="","",B28) -> 교통 정기권 | W22: =E28 -> 0
B23: =IF(설정!$B$16="","",설정!$B$16) -> 월세 / 주택대출 상환 | C23: =IF(설정!$C$16="","",설정!$C$16) -> 600000 | D23: =IF(설정!$D$16="","",설정!$D$16) -> 25일 | V23: =IF(B29="","",B29) -> 적금 | W23: =E29 -> 0
B24: =IF(설정!$B$17="","",설정!$B$17) -> 관리비 | C24: =IF(설정!$C$17="","",설정!$C$17) -> 150000 | D24: =IF(설정!$D$17="","",설정!$D$17) -> 30일 | V24: =IF(B30="","",B30) -> 청약저축 | W24: =E30 -> 0
B25: =IF(설정!$B$18="","",설정!$B$18) -> 통신비 (휴대폰·인터넷) | C25: =IF(설정!$C$18="","",설정!$C$18) -> 88000 | D25: =IF(설정!$D$18="","",설정!$D$18) -> 15일 | V25: =IF(B31="","",B31) -> 대출 이자 | W25: =E31 -> 0
B26: =IF(설정!$B$19="","",설정!$B$19) -> 보험료 | C26: =IF(설정!$C$19="","",설정!$C$19) -> 120000 | D26: =IF(설정!$D$19="","",설정!$D$19) -> 5일 | V26: =IF(B32="","",B32) -> 공과금 (전기·가스·수도) | W26: =E32 -> 0
B27: =IF(설정!$B$20="","",설정!$B$20) -> 구독 서비스 | C27: =IF(설정!$C$20="","",설정!$C$20) -> 29000 | D27: =IF(설정!$D$20="","",설정!$D$20) -> 10일 | V27: =IF(B33="","",B33) | W27: =E33 -> 0
B28: =IF(설정!$B$21="","",설정!$B$21) -> 교통 정기권 | C28: =IF(설정!$C$21="","",설정!$C$21) -> 62000 | D28: =IF(설정!$D$21="","",설정!$D$21) -> 1일 | V28: =IF(B34="","",B34) | W28: =E34 -> 0
B29: =IF(설정!$B$22="","",설정!$B$22) -> 적금 | C29: =IF(설정!$C$22="","",설정!$C$22) -> 300000 | D29: =IF(설정!$D$22="","",설정!$D$22) -> 25일
B30: =IF(설정!$B$23="","",설정!$B$23) -> 청약저축 | C30: =IF(설정!$C$23="","",설정!$C$23) -> 100000 | D30: =IF(설정!$D$23="","",설정!$D$23) -> 25일
B31: =IF(설정!$B$24="","",설정!$B$24) -> 대출 이자 | C31: =IF(설정!$C$24="","",설정!$C$24) -> 180000 | D31: =IF(설정!$D$24="","",설정!$D$24) -> 25일
B32: =IF(설정!$B$25="","",설정!$B$25) -> 공과금 (전기·가스·수도) | C32: =IF(설정!$C$25="","",설정!$C$25) -> 140000 | D32: =IF(설정!$D$25="","",설정!$D$25) -> 말일
B33: =IF(설정!$B$26="","",설정!$B$26) | C33: =IF(설정!$C$26="","",설정!$C$26) | D33: =IF(설정!$D$26="","",설정!$D$26)
B34: =IF(설정!$B$27="","",설정!$B$27) | C34: =IF(설정!$C$27="","",설정!$C$27) | D34: =IF(설정!$D$27="","",설정!$D$27)
B35: 합계 | C35: =SUM(C23:C34) -> 1769000 | E35: =SUM(E23:E34) -> 0
B37: 저축·투자
B38: 항목 | C38: 목표 | D38: 실제 | E38: 차이
B39: =IF(설정!$B$49="","",설정!$B$49) -> 비상금 | C39: =IF(설정!$C$49="","",설정!$C$49) -> 150000 | E39: =IF(D39="","",D39-C39)
B40: =IF(설정!$B$50="","",설정!$B$50) -> 청약 / 내집마련 | C40: =IF(설정!$C$50="","",설정!$C$50) -> 100000 | E40: =IF(D40="","",D40-C40)
B41: =IF(설정!$B$51="","",설정!$B$51) -> 투자 (ETF·주식) | C41: =IF(설정!$C$51="","",설정!$C$51) -> 400000 | E41: =IF(D41="","",D41-C41)
B42: =IF(설정!$B$52="","",설정!$B$52) -> 여행 자금 | C42: =IF(설정!$C$52="","",설정!$C$52) -> 100000 | E42: =IF(D42="","",D42-C42)
B43: =IF(설정!$B$53="","",설정!$B$53) -> 노후 / 연금 | C43: =IF(설정!$C$53="","",설정!$C$53) -> 200000 | E43: =IF(D43="","",D43-C43)
B44: =IF(설정!$B$54="","",설정!$B$54) -> 목표 저축 | C44: =IF(설정!$C$54="","",설정!$C$54) -> 150000 | E44: =IF(D44="","",D44-C44)
B45: 합계 | C45: =SUM(C39:C44) -> 1100000 | D45: =SUM(D39:D44) -> 0 | E45: =D45-C45 -> -1100000
B47: 이달의 메모 · 회고
G55: 합계 | J55: =SUM(J5:J54) -> 0

Sheet 9월
B1: 9월 가계부 | L1: 제이슨의 머니쇼 · 2026 | V1: 월 지출(전체) 차트 데이터
V2: =IF(L5="","",L5) -> 식비 (장보기) | W2: =N5 -> 0
B3: 이번 달 한눈에 | G3: 변동지출 기록 | L3: 카테고리별 예산 vs 사용 | R3: 차트 데이터 | V3: =IF(L6="","",L6) -> 외식 / 카페 | W3: =N6 -> 0
B4: 총수입 | D4: =D19 -> 0 | G4: 날짜 | H4: 분류 | I4: 내용 | J4: 금액 | L4: 분류 | M4: 예산 | N4: 사용 | O4: 달성 | P4: 진행 | R4: 구분 | S4: 예산 | T4: 실제 | V4: =IF(L7="","",L7) -> 생활용품 | W4: =N7 -> 0
B5: 총지출 | D5: =E35+J55 -> 0 | L5: =IF(설정!$B$31="","",설정!$B$31) -> 식비 (장보기) | M5: =IF(설정!$C$31="","",설정!$C$31) -> 350000 | N5: =SUMIF($H$5:$H$54,L5,$J$5:$J$54) -> 0 | O5: =IFERROR(N5/M5,0) -> 0 | P5: =IF(M5="","",REPT("■",MIN(10,ROUND(O5*10,0)))&REPT("□",10-MIN(10,ROUND(O5*10,0)))) -> □□□□□□□□□□ | R5: 수입 | S5: =C19 -> 3950000 | T5: =D19 -> 0 | V5: =IF(L8="","",L8) -> 교통 / 차량 | W5: =N8 -> 0
B6: 저축·투자 | D6: =D45 -> 0 | L6: =IF(설정!$B$32="","",설정!$B$32) -> 외식 / 카페 | M6: =IF(설정!$C$32="","",설정!$C$32) -> 200000 | N6: =SUMIF($H$5:$H$54,L6,$J$5:$J$54) -> 0 | O6: =IFERROR(N6/M6,0) -> 0 | P6: =IF(M6="","",REPT("■",MIN(10,ROUND(O6*10,0)))&REPT("□",10-MIN(10,ROUND(O6*10,0)))) -> □□□□□□□□□□ | R6: 지출 | S6: =C35+M20 -> 3179000 | T6: =E35+J55 -> 0 | V6: =IF(L9="","",L9) -> 의료 / 건강 | W6: =N9 -> 0
B7: 남은 돈 | D7: =D4-D5-D6 -> 0 | L7: =IF(설정!$B$33="","",설정!$B$33) -> 생활용품 | M7: =IF(설정!$C$33="","",설정!$C$33) -> 80000 | N7: =SUMIF($H$5:$H$54,L7,$J$5:$J$54) -> 0 | O7: =IFERROR(N7/M7,0) -> 0 | P7: =IF(M7="","",REPT("■",MIN(10,ROUND(O7*10,0)))&REPT("□",10-MIN(10,ROUND(O7*10,0)))) -> □□□□□□□□□□ | R7: 저축 | S7: =C45 -> 1100000 | T7: =D45 -> 0 | V7: =IF(L10="","",L10) -> 의류 / 미용 | W7: =N10 -> 0
B8: 저축률 | D8: =IFERROR((D4-D5)/D4,0) -> 0 | L8: =IF(설정!$B$34="","",설정!$B$34) -> 교통 / 차량 | M8: =IF(설정!$C$34="","",설정!$C$34) -> 120000 | N8: =SUMIF($H$5:$H$54,L8,$J$5:$J$54) -> 0 | O8: =IFERROR(N8/M8,0) -> 0 | P8: =IF(M8="","",REPT("■",MIN(10,ROUND(O8*10,0)))&REPT("□",10-MIN(10,ROUND(O8*10,0)))) -> □□□□□□□□□□ | V8: =IF(L11="","",L11) -> 교육 / 자기계발 | W8: =N11 -> 0
L9: =IF(설정!$B$35="","",설정!$B$35) -> 의료 / 건강 | M9: =IF(설정!$C$35="","",설정!$C$35) -> 60000 | N9: =SUMIF($H$5:$H$54,L9,$J$5:$J$54) -> 0 | O9: =IFERROR(N9/M9,0) -> 0 | P9: =IF(M9="","",REPT("■",MIN(10,ROUND(O9*10,0)))&REPT("□",10-MIN(10,ROUND(O9*10,0)))) -> □□□□□□□□□□ | R9: 고정지출 | S9: =E35 -> 0 | V9: =IF(L12="","",L12) -> 문화 / 여가 | W9: =N12 -> 0
B10: 수입 | L10: =IF(설정!$B$36="","",설정!$B$36) -> 의류 / 미용 | M10: =IF(설정!$C$36="","",설정!$C$36) -> 100000 | N10: =SUMIF($H$5:$H$54,L10,$J$5:$J$54) -> 0 | O10: =IFERROR(N10/M10,0) -> 0 | P10: =IF(M10="","",REPT("■",MIN(10,ROUND(O10*10,0)))&REPT("□",10-MIN(10,ROUND(O10*10,0)))) -> □□□□□□□□□□ | R10: 변동지출 | S10: =J55 -> 0 | V10: =IF(L13="","",L13) -> 경조사 / 선물 | W10: =N13 -> 0
B11: 항목 | C11: 예상 | D11: 실제 | E11: 차이 | L11: =IF(설정!$B$37="","",설정!$B$37) -> 교육 / 자기계발 | M11: =IF(설정!$C$37="","",설정!$C$37) -> 80000 | N11: =SUMIF($H$5:$H$54,L11,$J$5:$J$54) -> 0 | O11: =IFERROR(N11/M11,0) -> 0 | P11: =IF(M11="","",REPT("■",MIN(10,ROUND(O11*10,0)))&REPT("□",10-MIN(10,ROUND(O11*10,0)))) -> □□□□□□□□□□ | V11: =IF(L14="","",L14) -> 자녀 / 육아 | W11: =N14 -> 0
B12: =IF(설정!$B$6="","",설정!$B$6) -> 월급 (본업) | C12: =IF(설정!$C$6="","",설정!$C$6) -> 3500000 | E12: =IF(D12="","",D12-C12) | L12: =IF(설정!$B$38="","",설정!$B$38) -> 문화 / 여가 | M12: =IF(설정!$C$38="","",설정!$C$38) -> 80000 | N12: =SUMIF($H$5:$H$54,L12,$J$5:$J$54) -> 0 | O12: =IFERROR(N12/M12,0) -> 0 | P12: =IF(M12="","",REPT("■",MIN(10,ROUND(O12*10,0)))&REPT("□",10-MIN(10,ROUND(O12*10,0)))) -> □□□□□□□□□□ | V12: =IF(L15="","",L15) -> 반려동물 | W12: =N15 -> 0
B13: =IF(설정!$B$7="","",설정!$B$7) -> 부수입 / 사이드잡 | C13: =IF(설정!$C$7="","",설정!$C$7) -> 400000 | E13: =IF(D13="","",D13-C13) | L13: =IF(설정!$B$39="","",설정!$B$39) -> 경조사 / 선물 | M13: =IF(설정!$C$39="","",설정!$C$39) -> 100000 | N13: =SUMIF($H$5:$H$54,L13,$J$5:$J$54) -> 0 | O13: =IFERROR(N13/M13,0) -> 0 | P13: =IF(M13="","",REPT("■",MIN(10,ROUND(O13*10,0)))&REPT("□",10-MIN(10,ROUND(O13*10,0)))) -> □□□□□□□□□□ | V13: =IF(L16="","",L16) -> 여행 | W13: =N16 -> 0
B14: =IF(설정!$B$8="","",설정!$B$8) -> 상여 / 보너스 | C14: =IF(설정!$C$8="","",설정!$C$8) -> 0 | E14: =IF(D14="","",D14-C14) | L14: =IF(설정!$B$40="","",설정!$B$40) -> 자녀 / 육아 | M14: =IF(설정!$C$40="","",설정!$C$40) -> 0 | N14: =SUMIF($H$5:$H$54,L14,$J$5:$J$54) -> 0 | O14: =IFERROR(N14/M14,0) -> 0 | P14: =IF(M14="","",REPT("■",MIN(10,ROUND(O14*10,0)))&REPT("□",10-MIN(10,ROUND(O14*10,0)))) -> □□□□□□□□□□ | V14: =IF(L17="","",L17) -> 통신 / 디지털 | W14: =N17 -> 0
B15: =IF(설정!$B$9="","",설정!$B$9) -> 이자 / 배당 | C15: =IF(설정!$C$9="","",설정!$C$9) -> 50000 | E15: =IF(D15="","",D15-C15) | L15: =IF(설정!$B$41="","",설정!$B$41) -> 반려동물 | M15: =IF(설정!$C$41="","",설정!$C$41) -> 0 | N15: =SUMIF($H$5:$H$54,L15,$J$5:$J$54) -> 0 | O15: =IFERROR(N15/M15,0) -> 0 | P15: =IF(M15="","",REPT("■",MIN(10,ROUND(O15*10,0)))&REPT("□",10-MIN(10,ROUND(O15*10,0)))) -> □□□□□□□□□□ | V15: =IF(L18="","",L18) -> 기부 / 후원 | W15: =N18 -> 0
B16: =IF(설정!$B$10="","",설정!$B$10) -> 용돈 / 기타 | C16: =IF(설정!$C$10="","",설정!$C$10) -> 0 | E16: =IF(D16="","",D16-C16) | L16: =IF(설정!$B$42="","",설정!$B$42) -> 여행 | M16: =IF(설정!$C$42="","",설정!$C$42) -> 100000 | N16: =SUMIF($H$5:$H$54,L16,$J$5:$J$54) -> 0 | O16: =IFERROR(N16/M16,0) -> 0 | P16: =IF(M16="","",REPT("■",MIN(10,ROUND(O16*10,0)))&REPT("□",10-MIN(10,ROUND(O16*10,0)))) -> □□□□□□□□□□ | V16: =IF(L19="","",L19) -> 기타 | W16: =N19 -> 0
B17: =IF(설정!$B$11="","",설정!$B$11) | C17: =IF(설정!$C$11="","",설정!$C$11) | E17: =IF(D17="","",D17-C17) | L17: =IF(설정!$B$43="","",설정!$B$43) -> 통신 / 디지털 | M17: =IF(설정!$C$43="","",설정!$C$43) -> 30000 | N17: =SUMIF($H$5:$H$54,L17,$J$5:$J$54) -> 0 | O17: =IFERROR(N17/M17,0) -> 0 | P17: =IF(M17="","",REPT("■",MIN(10,ROUND(O17*10,0)))&REPT("□",10-MIN(10,ROUND(O17*10,0)))) -> □□□□□□□□□□ | V17: =IF(B23="","",B23) -> 월세 / 주택대출 상환 | W17: =E23 -> 0
B18: =IF(설정!$B$12="","",설정!$B$12) | C18: =IF(설정!$C$12="","",설정!$C$12) | E18: =IF(D18="","",D18-C18) | L18: =IF(설정!$B$44="","",설정!$B$44) -> 기부 / 후원 | M18: =IF(설정!$C$44="","",설정!$C$44) -> 30000 | N18: =SUMIF($H$5:$H$54,L18,$J$5:$J$54) -> 0 | O18: =IFERROR(N18/M18,0) -> 0 | P18: =IF(M18="","",REPT("■",MIN(10,ROUND(O18*10,0)))&REPT("□",10-MIN(10,ROUND(O18*10,0)))) -> □□□□□□□□□□ | V18: =IF(B24="","",B24) -> 관리비 | W18: =E24 -> 0
B19: 합계 | C19: =SUM(C12:C18) -> 3950000 | D19: =SUM(D12:D18) -> 0 | E19: =D19-C19 -> -3950000 | L19: =IF(설정!$B$45="","",설정!$B$45) -> 기타 | M19: =IF(설정!$C$45="","",설정!$C$45) -> 80000 | N19: =SUMIF($H$5:$H$54,L19,$J$5:$J$54) -> 0 | O19: =IFERROR(N19/M19,0) -> 0 | P19: =IF(M19="","",REPT("■",MIN(10,ROUND(O19*10,0)))&REPT("□",10-MIN(10,ROUND(O19*10,0)))) -> □□□□□□□□□□ | V19: =IF(B25="","",B25) -> 통신비 (휴대폰·인터넷) | W19: =E25 -> 0
L20: 합계 | M20: =SUM(M5:M19) -> 1410000 | N20: =SUM(N5:N19) -> 0 | V20: =IF(B26="","",B26) -> 보험료 | W20: =E26 -> 0
B21: 고정지출 | V21: =IF(B27="","",B27) -> 구독 서비스 | W21: =E27 -> 0
B22: 항목 | C22: 예산 | D22: 결제일 | E22: 실제 | V22: =IF(B28="","",B28) -> 교통 정기권 | W22: =E28 -> 0
B23: =IF(설정!$B$16="","",설정!$B$16) -> 월세 / 주택대출 상환 | C23: =IF(설정!$C$16="","",설정!$C$16) -> 600000 | D23: =IF(설정!$D$16="","",설정!$D$16) -> 25일 | V23: =IF(B29="","",B29) -> 적금 | W23: =E29 -> 0
B24: =IF(설정!$B$17="","",설정!$B$17) -> 관리비 | C24: =IF(설정!$C$17="","",설정!$C$17) -> 150000 | D24: =IF(설정!$D$17="","",설정!$D$17) -> 30일 | V24: =IF(B30="","",B30) -> 청약저축 | W24: =E30 -> 0
B25: =IF(설정!$B$18="","",설정!$B$18) -> 통신비 (휴대폰·인터넷) | C25: =IF(설정!$C$18="","",설정!$C$18) -> 88000 | D25: =IF(설정!$D$18="","",설정!$D$18) -> 15일 | V25: =IF(B31="","",B31) -> 대출 이자 | W25: =E31 -> 0
B26: =IF(설정!$B$19="","",설정!$B$19) -> 보험료 | C26: =IF(설정!$C$19="","",설정!$C$19) -> 120000 | D26: =IF(설정!$D$19="","",설정!$D$19) -> 5일 | V26: =IF(B32="","",B32) -> 공과금 (전기·가스·수도) | W26: =E32 -> 0
B27: =IF(설정!$B$20="","",설정!$B$20) -> 구독 서비스 | C27: =IF(설정!$C$20="","",설정!$C$20) -> 29000 | D27: =IF(설정!$D$20="","",설정!$D$20) -> 10일 | V27: =IF(B33="","",B33) | W27: =E33 -> 0
B28: =IF(설정!$B$21="","",설정!$B$21) -> 교통 정기권 | C28: =IF(설정!$C$21="","",설정!$C$21) -> 62000 | D28: =IF(설정!$D$21="","",설정!$D$21) -> 1일 | V28: =IF(B34="","",B34) | W28: =E34 -> 0
B29: =IF(설정!$B$22="","",설정!$B$22) -> 적금 | C29: =IF(설정!$C$22="","",설정!$C$22) -> 300000 | D29: =IF(설정!$D$22="","",설정!$D$22) -> 25일
B30: =IF(설정!$B$23="","",설정!$B$23) -> 청약저축 | C30: =IF(설정!$C$23="","",설정!$C$23) -> 100000 | D30: =IF(설정!$D$23="","",설정!$D$23) -> 25일
B31: =IF(설정!$B$24="","",설정!$B$24) -> 대출 이자 | C31: =IF(설정!$C$24="","",설정!$C$24) -> 180000 | D31: =IF(설정!$D$24="","",설정!$D$24) -> 25일
B32: =IF(설정!$B$25="","",설정!$B$25) -> 공과금 (전기·가스·수도) | C32: =IF(설정!$C$25="","",설정!$C$25) -> 140000 | D32: =IF(설정!$D$25="","",설정!$D$25) -> 말일
B33: =IF(설정!$B$26="","",설정!$B$26) | C33: =IF(설정!$C$26="","",설정!$C$26) | D33: =IF(설정!$D$26="","",설정!$D$26)
B34: =IF(설정!$B$27="","",설정!$B$27) | C34: =IF(설정!$C$27="","",설정!$C$27) | D34: =IF(설정!$D$27="","",설정!$D$27)
B35: 합계 | C35: =SUM(C23:C34) -> 1769000 | E35: =SUM(E23:E34) -> 0
B37: 저축·투자
B38: 항목 | C38: 목표 | D38: 실제 | E38: 차이
B39: =IF(설정!$B$49="","",설정!$B$49) -> 비상금 | C39: =IF(설정!$C$49="","",설정!$C$49) -> 150000 | E39: =IF(D39="","",D39-C39)
B40: =IF(설정!$B$50="","",설정!$B$50) -> 청약 / 내집마련 | C40: =IF(설정!$C$50="","",설정!$C$50) -> 100000 | E40: =IF(D40="","",D40-C40)
B41: =IF(설정!$B$51="","",설정!$B$51) -> 투자 (ETF·주식) | C41: =IF(설정!$C$51="","",설정!$C$51) -> 400000 | E41: =IF(D41="","",D41-C41)
B42: =IF(설정!$B$52="","",설정!$B$52) -> 여행 자금 | C42: =IF(설정!$C$52="","",설정!$C$52) -> 100000 | E42: =IF(D42="","",D42-C42)
B43: =IF(설정!$B$53="","",설정!$B$53) -> 노후 / 연금 | C43: =IF(설정!$C$53="","",설정!$C$53) -> 200000 | E43: =IF(D43="","",D43-C43)
B44: =IF(설정!$B$54="","",설정!$B$54) -> 목표 저축 | C44: =IF(설정!$C$54="","",설정!$C$54) -> 150000 | E44: =IF(D44="","",D44-C44)
B45: 합계 | C45: =SUM(C39:C44) -> 1100000 | D45: =SUM(D39:D44) -> 0 | E45: =D45-C45 -> -1100000
B47: 이달의 메모 · 회고
G55: 합계 | J55: =SUM(J5:J54) -> 0

Sheet 10월
B1: 10월 가계부 | L1: 제이슨의 머니쇼 · 2026 | V1: 월 지출(전체) 차트 데이터
V2: =IF(L5="","",L5) -> 식비 (장보기) | W2: =N5 -> 0
B3: 이번 달 한눈에 | G3: 변동지출 기록 | L3: 카테고리별 예산 vs 사용 | R3: 차트 데이터 | V3: =IF(L6="","",L6) -> 외식 / 카페 | W3: =N6 -> 0
B4: 총수입 | D4: =D19 -> 0 | G4: 날짜 | H4: 분류 | I4: 내용 | J4: 금액 | L4: 분류 | M4: 예산 | N4: 사용 | O4: 달성 | P4: 진행 | R4: 구분 | S4: 예산 | T4: 실제 | V4: =IF(L7="","",L7) -> 생활용품 | W4: =N7 -> 0
B5: 총지출 | D5: =E35+J55 -> 0 | L5: =IF(설정!$B$31="","",설정!$B$31) -> 식비 (장보기) | M5: =IF(설정!$C$31="","",설정!$C$31) -> 350000 | N5: =SUMIF($H$5:$H$54,L5,$J$5:$J$54) -> 0 | O5: =IFERROR(N5/M5,0) -> 0 | P5: =IF(M5="","",REPT("■",MIN(10,ROUND(O5*10,0)))&REPT("□",10-MIN(10,ROUND(O5*10,0)))) -> □□□□□□□□□□ | R5: 수입 | S5: =C19 -> 3950000 | T5: =D19 -> 0 | V5: =IF(L8="","",L8) -> 교통 / 차량 | W5: =N8 -> 0
B6: 저축·투자 | D6: =D45 -> 0 | L6: =IF(설정!$B$32="","",설정!$B$32) -> 외식 / 카페 | M6: =IF(설정!$C$32="","",설정!$C$32) -> 200000 | N6: =SUMIF($H$5:$H$54,L6,$J$5:$J$54) -> 0 | O6: =IFERROR(N6/M6,0) -> 0 | P6: =IF(M6="","",REPT("■",MIN(10,ROUND(O6*10,0)))&REPT("□",10-MIN(10,ROUND(O6*10,0)))) -> □□□□□□□□□□ | R6: 지출 | S6: =C35+M20 -> 3179000 | T6: =E35+J55 -> 0 | V6: =IF(L9="","",L9) -> 의료 / 건강 | W6: =N9 -> 0
B7: 남은 돈 | D7: =D4-D5-D6 -> 0 | L7: =IF(설정!$B$33="","",설정!$B$33) -> 생활용품 | M7: =IF(설정!$C$33="","",설정!$C$33) -> 80000 | N7: =SUMIF($H$5:$H$54,L7,$J$5:$J$54) -> 0 | O7: =IFERROR(N7/M7,0) -> 0 | P7: =IF(M7="","",REPT("■",MIN(10,ROUND(O7*10,0)))&REPT("□",10-MIN(10,ROUND(O7*10,0)))) -> □□□□□□□□□□ | R7: 저축 | S7: =C45 -> 1100000 | T7: =D45 -> 0 | V7: =IF(L10="","",L10) -> 의류 / 미용 | W7: =N10 -> 0
B8: 저축률 | D8: =IFERROR((D4-D5)/D4,0) -> 0 | L8: =IF(설정!$B$34="","",설정!$B$34) -> 교통 / 차량 | M8: =IF(설정!$C$34="","",설정!$C$34) -> 120000 | N8: =SUMIF($H$5:$H$54,L8,$J$5:$J$54) -> 0 | O8: =IFERROR(N8/M8,0) -> 0 | P8: =IF(M8="","",REPT("■",MIN(10,ROUND(O8*10,0)))&REPT("□",10-MIN(10,ROUND(O8*10,0)))) -> □□□□□□□□□□ | V8: =IF(L11="","",L11) -> 교육 / 자기계발 | W8: =N11 -> 0
L9: =IF(설정!$B$35="","",설정!$B$35) -> 의료 / 건강 | M9: =IF(설정!$C$35="","",설정!$C$35) -> 60000 | N9: =SUMIF($H$5:$H$54,L9,$J$5:$J$54) -> 0 | O9: =IFERROR(N9/M9,0) -> 0 | P9: =IF(M9="","",REPT("■",MIN(10,ROUND(O9*10,0)))&REPT("□",10-MIN(10,ROUND(O9*10,0)))) -> □□□□□□□□□□ | R9: 고정지출 | S9: =E35 -> 0 | V9: =IF(L12="","",L12) -> 문화 / 여가 | W9: =N12 -> 0
B10: 수입 | L10: =IF(설정!$B$36="","",설정!$B$36) -> 의류 / 미용 | M10: =IF(설정!$C$36="","",설정!$C$36) -> 100000 | N10: =SUMIF($H$5:$H$54,L10,$J$5:$J$54) -> 0 | O10: =IFERROR(N10/M10,0) -> 0 | P10: =IF(M10="","",REPT("■",MIN(10,ROUND(O10*10,0)))&REPT("□",10-MIN(10,ROUND(O10*10,0)))) -> □□□□□□□□□□ | R10: 변동지출 | S10: =J55 -> 0 | V10: =IF(L13="","",L13) -> 경조사 / 선물 | W10: =N13 -> 0
B11: 항목 | C11: 예상 | D11: 실제 | E11: 차이 | L11: =IF(설정!$B$37="","",설정!$B$37) -> 교육 / 자기계발 | M11: =IF(설정!$C$37="","",설정!$C$37) -> 80000 | N11: =SUMIF($H$5:$H$54,L11,$J$5:$J$54) -> 0 | O11: =IFERROR(N11/M11,0) -> 0 | P11: =IF(M11="","",REPT("■",MIN(10,ROUND(O11*10,0)))&REPT("□",10-MIN(10,ROUND(O11*10,0)))) -> □□□□□□□□□□ | V11: =IF(L14="","",L14) -> 자녀 / 육아 | W11: =N14 -> 0
B12: =IF(설정!$B$6="","",설정!$B$6) -> 월급 (본업) | C12: =IF(설정!$C$6="","",설정!$C$6) -> 3500000 | E12: =IF(D12="","",D12-C12) | L12: =IF(설정!$B$38="","",설정!$B$38) -> 문화 / 여가 | M12: =IF(설정!$C$38="","",설정!$C$38) -> 80000 | N12: =SUMIF($H$5:$H$54,L12,$J$5:$J$54) -> 0 | O12: =IFERROR(N12/M12,0) -> 0 | P12: =IF(M12="","",REPT("■",MIN(10,ROUND(O12*10,0)))&REPT("□",10-MIN(10,ROUND(O12*10,0)))) -> □□□□□□□□□□ | V12: =IF(L15="","",L15) -> 반려동물 | W12: =N15 -> 0
B13: =IF(설정!$B$7="","",설정!$B$7) -> 부수입 / 사이드잡 | C13: =IF(설정!$C$7="","",설정!$C$7) -> 400000 | E13: =IF(D13="","",D13-C13) | L13: =IF(설정!$B$39="","",설정!$B$39) -> 경조사 / 선물 | M13: =IF(설정!$C$39="","",설정!$C$39) -> 100000 | N13: =SUMIF($H$5:$H$54,L13,$J$5:$J$54) -> 0 | O13: =IFERROR(N13/M13,0) -> 0 | P13: =IF(M13="","",REPT("■",MIN(10,ROUND(O13*10,0)))&REPT("□",10-MIN(10,ROUND(O13*10,0)))) -> □□□□□□□□□□ | V13: =IF(L16="","",L16) -> 여행 | W13: =N16 -> 0
B14: =IF(설정!$B$8="","",설정!$B$8) -> 상여 / 보너스 | C14: =IF(설정!$C$8="","",설정!$C$8) -> 0 | E14: =IF(D14="","",D14-C14) | L14: =IF(설정!$B$40="","",설정!$B$40) -> 자녀 / 육아 | M14: =IF(설정!$C$40="","",설정!$C$40) -> 0 | N14: =SUMIF($H$5:$H$54,L14,$J$5:$J$54) -> 0 | O14: =IFERROR(N14/M14,0) -> 0 | P14: =IF(M14="","",REPT("■",MIN(10,ROUND(O14*10,0)))&REPT("□",10-MIN(10,ROUND(O14*10,0)))) -> □□□□□□□□□□ | V14: =IF(L17="","",L17) -> 통신 / 디지털 | W14: =N17 -> 0
B15: =IF(설정!$B$9="","",설정!$B$9) -> 이자 / 배당 | C15: =IF(설정!$C$9="","",설정!$C$9) -> 50000 | E15: =IF(D15="","",D15-C15) | L15: =IF(설정!$B$41="","",설정!$B$41) -> 반려동물 | M15: =IF(설정!$C$41="","",설정!$C$41) -> 0 | N15: =SUMIF($H$5:$H$54,L15,$J$5:$J$54) -> 0 | O15: =IFERROR(N15/M15,0) -> 0 | P15: =IF(M15="","",REPT("■",MIN(10,ROUND(O15*10,0)))&REPT("□",10-MIN(10,ROUND(O15*10,0)))) -> □□□□□□□□□□ | V15: =IF(L18="","",L18) -> 기부 / 후원 | W15: =N18 -> 0
B16: =IF(설정!$B$10="","",설정!$B$10) -> 용돈 / 기타 | C16: =IF(설정!$C$10="","",설정!$C$10) -> 0 | E16: =IF(D16="","",D16-C16) | L16: =IF(설정!$B$42="","",설정!$B$42) -> 여행 | M16: =IF(설정!$C$42="","",설정!$C$42) -> 100000 | N16: =SUMIF($H$5:$H$54,L16,$J$5:$J$54) -> 0 | O16: =IFERROR(N16/M16,0) -> 0 | P16: =IF(M16="","",REPT("■",MIN(10,ROUND(O16*10,0)))&REPT("□",10-MIN(10,ROUND(O16*10,0)))) -> □□□□□□□□□□ | V16: =IF(L19="","",L19) -> 기타 | W16: =N19 -> 0
B17: =IF(설정!$B$11="","",설정!$B$11) | C17: =IF(설정!$C$11="","",설정!$C$11) | E17: =IF(D17="","",D17-C17) | L17: =IF(설정!$B$43="","",설정!$B$43) -> 통신 / 디지털 | M17: =IF(설정!$C$43="","",설정!$C$43) -> 30000 | N17: =SUMIF($H$5:$H$54,L17,$J$5:$J$54) -> 0 | O17: =IFERROR(N17/M17,0) -> 0 | P17: =IF(M17="","",REPT("■",MIN(10,ROUND(O17*10,0)))&REPT("□",10-MIN(10,ROUND(O17*10,0)))) -> □□□□□□□□□□ | V17: =IF(B23="","",B23) -> 월세 / 주택대출 상환 | W17: =E23 -> 0
B18: =IF(설정!$B$12="","",설정!$B$12) | C18: =IF(설정!$C$12="","",설정!$C$12) | E18: =IF(D18="","",D18-C18) | L18: =IF(설정!$B$44="","",설정!$B$44) -> 기부 / 후원 | M18: =IF(설정!$C$44="","",설정!$C$44) -> 30000 | N18: =SUMIF($H$5:$H$54,L18,$J$5:$J$54) -> 0 | O18: =IFERROR(N18/M18,0) -> 0 | P18: =IF(M18="","",REPT("■",MIN(10,ROUND(O18*10,0)))&REPT("□",10-MIN(10,ROUND(O18*10,0)))) -> □□□□□□□□□□ | V18: =IF(B24="","",B24) -> 관리비 | W18: =E24 -> 0
B19: 합계 | C19: =SUM(C12:C18) -> 3950000 | D19: =SUM(D12:D18) -> 0 | E19: =D19-C19 -> -3950000 | L19: =IF(설정!$B$45="","",설정!$B$45) -> 기타 | M19: =IF(설정!$C$45="","",설정!$C$45) -> 80000 | N19: =SUMIF($H$5:$H$54,L19,$J$5:$J$54) -> 0 | O19: =IFERROR(N19/M19,0) -> 0 | P19: =IF(M19="","",REPT("■",MIN(10,ROUND(O19*10,0)))&REPT("□",10-MIN(10,ROUND(O19*10,0)))) -> □□□□□□□□□□ | V19: =IF(B25="","",B25) -> 통신비 (휴대폰·인터넷) | W19: =E25 -> 0
L20: 합계 | M20: =SUM(M5:M19) -> 1410000 | N20: =SUM(N5:N19) -> 0 | V20: =IF(B26="","",B26) -> 보험료 | W20: =E26 -> 0
B21: 고정지출 | V21: =IF(B27="","",B27) -> 구독 서비스 | W21: =E27 -> 0
B22: 항목 | C22: 예산 | D22: 결제일 | E22: 실제 | V22: =IF(B28="","",B28) -> 교통 정기권 | W22: =E28 -> 0
B23: =IF(설정!$B$16="","",설정!$B$16) -> 월세 / 주택대출 상환 | C23: =IF(설정!$C$16="","",설정!$C$16) -> 600000 | D23: =IF(설정!$D$16="","",설정!$D$16) -> 25일 | V23: =IF(B29="","",B29) -> 적금 | W23: =E29 -> 0
B24: =IF(설정!$B$17="","",설정!$B$17) -> 관리비 | C24: =IF(설정!$C$17="","",설정!$C$17) -> 150000 | D24: =IF(설정!$D$17="","",설정!$D$17) -> 30일 | V24: =IF(B30="","",B30) -> 청약저축 | W24: =E30 -> 0
B25: =IF(설정!$B$18="","",설정!$B$18) -> 통신비 (휴대폰·인터넷) | C25: =IF(설정!$C$18="","",설정!$C$18) -> 88000 | D25: =IF(설정!$D$18="","",설정!$D$18) -> 15일 | V25: =IF(B31="","",B31) -> 대출 이자 | W25: =E31 -> 0
B26: =IF(설정!$B$19="","",설정!$B$19) -> 보험료 | C26: =IF(설정!$C$19="","",설정!$C$19) -> 120000 | D26: =IF(설정!$D$19="","",설정!$D$19) -> 5일 | V26: =IF(B32="","",B32) -> 공과금 (전기·가스·수도) | W26: =E32 -> 0
B27: =IF(설정!$B$20="","",설정!$B$20) -> 구독 서비스 | C27: =IF(설정!$C$20="","",설정!$C$20) -> 29000 | D27: =IF(설정!$D$20="","",설정!$D$20) -> 10일 | V27: =IF(B33="","",B33) | W27: =E33 -> 0
B28: =IF(설정!$B$21="","",설정!$B$21) -> 교통 정기권 | C28: =IF(설정!$C$21="","",설정!$C$21) -> 62000 | D28: =IF(설정!$D$21="","",설정!$D$21) -> 1일 | V28: =IF(B34="","",B34) | W28: =E34 -> 0
B29: =IF(설정!$B$22="","",설정!$B$22) -> 적금 | C29: =IF(설정!$C$22="","",설정!$C$22) -> 300000 | D29: =IF(설정!$D$22="","",설정!$D$22) -> 25일
B30: =IF(설정!$B$23="","",설정!$B$23) -> 청약저축 | C30: =IF(설정!$C$23="","",설정!$C$23) -> 100000 | D30: =IF(설정!$D$23="","",설정!$D$23) -> 25일
B31: =IF(설정!$B$24="","",설정!$B$24) -> 대출 이자 | C31: =IF(설정!$C$24="","",설정!$C$24) -> 180000 | D31: =IF(설정!$D$24="","",설정!$D$24) -> 25일
B32: =IF(설정!$B$25="","",설정!$B$25) -> 공과금 (전기·가스·수도) | C32: =IF(설정!$C$25="","",설정!$C$25) -> 140000 | D32: =IF(설정!$D$25="","",설정!$D$25) -> 말일
B33: =IF(설정!$B$26="","",설정!$B$26) | C33: =IF(설정!$C$26="","",설정!$C$26) | D33: =IF(설정!$D$26="","",설정!$D$26)
B34: =IF(설정!$B$27="","",설정!$B$27) | C34: =IF(설정!$C$27="","",설정!$C$27) | D34: =IF(설정!$D$27="","",설정!$D$27)
B35: 합계 | C35: =SUM(C23:C34) -> 1769000 | E35: =SUM(E23:E34) -> 0
B37: 저축·투자
B38: 항목 | C38: 목표 | D38: 실제 | E38: 차이
B39: =IF(설정!$B$49="","",설정!$B$49) -> 비상금 | C39: =IF(설정!$C$49="","",설정!$C$49) -> 150000 | E39: =IF(D39="","",D39-C39)
B40: =IF(설정!$B$50="","",설정!$B$50) -> 청약 / 내집마련 | C40: =IF(설정!$C$50="","",설정!$C$50) -> 100000 | E40: =IF(D40="","",D40-C40)
B41: =IF(설정!$B$51="","",설정!$B$51) -> 투자 (ETF·주식) | C41: =IF(설정!$C$51="","",설정!$C$51) -> 400000 | E41: =IF(D41="","",D41-C41)
B42: =IF(설정!$B$52="","",설정!$B$52) -> 여행 자금 | C42: =IF(설정!$C$52="","",설정!$C$52) -> 100000 | E42: =IF(D42="","",D42-C42)
B43: =IF(설정!$B$53="","",설정!$B$53) -> 노후 / 연금 | C43: =IF(설정!$C$53="","",설정!$C$53) -> 200000 | E43: =IF(D43="","",D43-C43)
B44: =IF(설정!$B$54="","",설정!$B$54) -> 목표 저축 | C44: =IF(설정!$C$54="","",설정!$C$54) -> 150000 | E44: =IF(D44="","",D44-C44)
B45: 합계 | C45: =SUM(C39:C44) -> 1100000 | D45: =SUM(D39:D44) -> 0 | E45: =D45-C45 -> -1100000
B47: 이달의 메모 · 회고
G55: 합계 | J55: =SUM(J5:J54) -> 0

Sheet 11월
B1: 11월 가계부 | L1: 제이슨의 머니쇼 · 2026 | V1: 월 지출(전체) 차트 데이터
V2: =IF(L5="","",L5) -> 식비 (장보기) | W2: =N5 -> 0
B3: 이번 달 한눈에 | G3: 변동지출 기록 | L3: 카테고리별 예산 vs 사용 | R3: 차트 데이터 | V3: =IF(L6="","",L6) -> 외식 / 카페 | W3: =N6 -> 0
B4: 총수입 | D4: =D19 -> 0 | G4: 날짜 | H4: 분류 | I4: 내용 | J4: 금액 | L4: 분류 | M4: 예산 | N4: 사용 | O4: 달성 | P4: 진행 | R4: 구분 | S4: 예산 | T4: 실제 | V4: =IF(L7="","",L7) -> 생활용품 | W4: =N7 -> 0
B5: 총지출 | D5: =E35+J55 -> 0 | L5: =IF(설정!$B$31="","",설정!$B$31) -> 식비 (장보기) | M5: =IF(설정!$C$31="","",설정!$C$31) -> 350000 | N5: =SUMIF($H$5:$H$54,L5,$J$5:$J$54) -> 0 | O5: =IFERROR(N5/M5,0) -> 0 | P5: =IF(M5="","",REPT("■",MIN(10,ROUND(O5*10,0)))&REPT("□",10-MIN(10,ROUND(O5*10,0)))) -> □□□□□□□□□□ | R5: 수입 | S5: =C19 -> 3950000 | T5: =D19 -> 0 | V5: =IF(L8="","",L8) -> 교통 / 차량 | W5: =N8 -> 0
B6: 저축·투자 | D6: =D45 -> 0 | L6: =IF(설정!$B$32="","",설정!$B$32) -> 외식 / 카페 | M6: =IF(설정!$C$32="","",설정!$C$32) -> 200000 | N6: =SUMIF($H$5:$H$54,L6,$J$5:$J$54) -> 0 | O6: =IFERROR(N6/M6,0) -> 0 | P6: =IF(M6="","",REPT("■",MIN(10,ROUND(O6*10,0)))&REPT("□",10-MIN(10,ROUND(O6*10,0)))) -> □□□□□□□□□□ | R6: 지출 | S6: =C35+M20 -> 3179000 | T6: =E35+J55 -> 0 | V6: =IF(L9="","",L9) -> 의료 / 건강 | W6: =N9 -> 0
B7: 남은 돈 | D7: =D4-D5-D6 -> 0 | L7: =IF(설정!$B$33="","",설정!$B$33) -> 생활용품 | M7: =IF(설정!$C$33="","",설정!$C$33) -> 80000 | N7: =SUMIF($H$5:$H$54,L7,$J$5:$J$54) -> 0 | O7: =IFERROR(N7/M7,0) -> 0 | P7: =IF(M7="","",REPT("■",MIN(10,ROUND(O7*10,0)))&REPT("□",10-MIN(10,ROUND(O7*10,0)))) -> □□□□□□□□□□ | R7: 저축 | S7: =C45 -> 1100000 | T7: =D45 -> 0 | V7: =IF(L10="","",L10) -> 의류 / 미용 | W7: =N10 -> 0
B8: 저축률 | D8: =IFERROR((D4-D5)/D4,0) -> 0 | L8: =IF(설정!$B$34="","",설정!$B$34) -> 교통 / 차량 | M8: =IF(설정!$C$34="","",설정!$C$34) -> 120000 | N8: =SUMIF($H$5:$H$54,L8,$J$5:$J$54) -> 0 | O8: =IFERROR(N8/M8,0) -> 0 | P8: =IF(M8="","",REPT("■",MIN(10,ROUND(O8*10,0)))&REPT("□",10-MIN(10,ROUND(O8*10,0)))) -> □□□□□□□□□□ | V8: =IF(L11="","",L11) -> 교육 / 자기계발 | W8: =N11 -> 0
L9: =IF(설정!$B$35="","",설정!$B$35) -> 의료 / 건강 | M9: =IF(설정!$C$35="","",설정!$C$35) -> 60000 | N9: =SUMIF($H$5:$H$54,L9,$J$5:$J$54) -> 0 | O9: =IFERROR(N9/M9,0) -> 0 | P9: =IF(M9="","",REPT("■",MIN(10,ROUND(O9*10,0)))&REPT("□",10-MIN(10,ROUND(O9*10,0)))) -> □□□□□□□□□□ | R9: 고정지출 | S9: =E35 -> 0 | V9: =IF(L12="","",L12) -> 문화 / 여가 | W9: =N12 -> 0
B10: 수입 | L10: =IF(설정!$B$36="","",설정!$B$36) -> 의류 / 미용 | M10: =IF(설정!$C$36="","",설정!$C$36) -> 100000 | N10: =SUMIF($H$5:$H$54,L10,$J$5:$J$54) -> 0 | O10: =IFERROR(N10/M10,0) -> 0 | P10: =IF(M10="","",REPT("■",MIN(10,ROUND(O10*10,0)))&REPT("□",10-MIN(10,ROUND(O10*10,0)))) -> □□□□□□□□□□ | R10: 변동지출 | S10: =J55 -> 0 | V10: =IF(L13="","",L13) -> 경조사 / 선물 | W10: =N13 -> 0
B11: 항목 | C11: 예상 | D11: 실제 | E11: 차이 | L11: =IF(설정!$B$37="","",설정!$B$37) -> 교육 / 자기계발 | M11: =IF(설정!$C$37="","",설정!$C$37) -> 80000 | N11: =SUMIF($H$5:$H$54,L11,$J$5:$J$54) -> 0 | O11: =IFERROR(N11/M11,0) -> 0 | P11: =IF(M11="","",REPT("■",MIN(10,ROUND(O11*10,0)))&REPT("□",10-MIN(10,ROUND(O11*10,0)))) -> □□□□□□□□□□ | V11: =IF(L14="","",L14) -> 자녀 / 육아 | W11: =N14 -> 0
B12: =IF(설정!$B$6="","",설정!$B$6) -> 월급 (본업) | C12: =IF(설정!$C$6="","",설정!$C$6) -> 3500000 | E12: =IF(D12="","",D12-C12) | L12: =IF(설정!$B$38="","",설정!$B$38) -> 문화 / 여가 | M12: =IF(설정!$C$38="","",설정!$C$38) -> 80000 | N12: =SUMIF($H$5:$H$54,L12,$J$5:$J$54) -> 0 | O12: =IFERROR(N12/M12,0) -> 0 | P12: =IF(M12="","",REPT("■",MIN(10,ROUND(O12*10,0)))&REPT("□",10-MIN(10,ROUND(O12*10,0)))) -> □□□□□□□□□□ | V12: =IF(L15="","",L15) -> 반려동물 | W12: =N15 -> 0
B13: =IF(설정!$B$7="","",설정!$B$7) -> 부수입 / 사이드잡 | C13: =IF(설정!$C$7="","",설정!$C$7) -> 400000 | E13: =IF(D13="","",D13-C13) | L13: =IF(설정!$B$39="","",설정!$B$39) -> 경조사 / 선물 | M13: =IF(설정!$C$39="","",설정!$C$39) -> 100000 | N13: =SUMIF($H$5:$H$54,L13,$J$5:$J$54) -> 0 | O13: =IFERROR(N13/M13,0) -> 0 | P13: =IF(M13="","",REPT("■",MIN(10,ROUND(O13*10,0)))&REPT("□",10-MIN(10,ROUND(O13*10,0)))) -> □□□□□□□□□□ | V13: =IF(L16="","",L16) -> 여행 | W13: =N16 -> 0
B14: =IF(설정!$B$8="","",설정!$B$8) -> 상여 / 보너스 | C14: =IF(설정!$C$8="","",설정!$C$8) -> 0 | E14: =IF(D14="","",D14-C14) | L14: =IF(설정!$B$40="","",설정!$B$40) -> 자녀 / 육아 | M14: =IF(설정!$C$40="","",설정!$C$40) -> 0 | N14: =SUMIF($H$5:$H$54,L14,$J$5:$J$54) -> 0 | O14: =IFERROR(N14/M14,0) -> 0 | P14: =IF(M14="","",REPT("■",MIN(10,ROUND(O14*10,0)))&REPT("□",10-MIN(10,ROUND(O14*10,0)))) -> □□□□□□□□□□ | V14: =IF(L17="","",L17) -> 통신 / 디지털 | W14: =N17 -> 0
B15: =IF(설정!$B$9="","",설정!$B$9) -> 이자 / 배당 | C15: =IF(설정!$C$9="","",설정!$C$9) -> 50000 | E15: =IF(D15="","",D15-C15) | L15: =IF(설정!$B$41="","",설정!$B$41) -> 반려동물 | M15: =IF(설정!$C$41="","",설정!$C$41) -> 0 | N15: =SUMIF($H$5:$H$54,L15,$J$5:$J$54) -> 0 | O15: =IFERROR(N15/M15,0) -> 0 | P15: =IF(M15="","",REPT("■",MIN(10,ROUND(O15*10,0)))&REPT("□",10-MIN(10,ROUND(O15*10,0)))) -> □□□□□□□□□□ | V15: =IF(L18="","",L18) -> 기부 / 후원 | W15: =N18 -> 0
B16: =IF(설정!$B$10="","",설정!$B$10) -> 용돈 / 기타 | C16: =IF(설정!$C$10="","",설정!$C$10) -> 0 | E16: =IF(D16="","",D16-C16) | L16: =IF(설정!$B$42="","",설정!$B$42) -> 여행 | M16: =IF(설정!$C$42="","",설정!$C$42) -> 100000 | N16: =SUMIF($H$5:$H$54,L16,$J$5:$J$54) -> 0 | O16: =IFERROR(N16/M16,0) -> 0 | P16: =IF(M16="","",REPT("■",MIN(10,ROUND(O16*10,0)))&REPT("□",10-MIN(10,ROUND(O16*10,0)))) -> □□□□□□□□□□ | V16: =IF(L19="","",L19) -> 기타 | W16: =N19 -> 0
B17: =IF(설정!$B$11="","",설정!$B$11) | C17: =IF(설정!$C$11="","",설정!$C$11) | E17: =IF(D17="","",D17-C17) | L17: =IF(설정!$B$43="","",설정!$B$43) -> 통신 / 디지털 | M17: =IF(설정!$C$43="","",설정!$C$43) -> 30000 | N17: =SUMIF($H$5:$H$54,L17,$J$5:$J$54) -> 0 | O17: =IFERROR(N17/M17,0) -> 0 | P17: =IF(M17="","",REPT("■",MIN(10,ROUND(O17*10,0)))&REPT("□",10-MIN(10,ROUND(O17*10,0)))) -> □□□□□□□□□□ | V17: =IF(B23="","",B23) -> 월세 / 주택대출 상환 | W17: =E23 -> 0
B18: =IF(설정!$B$12="","",설정!$B$12) | C18: =IF(설정!$C$12="","",설정!$C$12) | E18: =IF(D18="","",D18-C18) | L18: =IF(설정!$B$44="","",설정!$B$44) -> 기부 / 후원 | M18: =IF(설정!$C$44="","",설정!$C$44) -> 30000 | N18: =SUMIF($H$5:$H$54,L18,$J$5:$J$54) -> 0 | O18: =IFERROR(N18/M18,0) -> 0 | P18: =IF(M18="","",REPT("■",MIN(10,ROUND(O18*10,0)))&REPT("□",10-MIN(10,ROUND(O18*10,0)))) -> □□□□□□□□□□ | V18: =IF(B24="","",B24) -> 관리비 | W18: =E24 -> 0
B19: 합계 | C19: =SUM(C12:C18) -> 3950000 | D19: =SUM(D12:D18) -> 0 | E19: =D19-C19 -> -3950000 | L19: =IF(설정!$B$45="","",설정!$B$45) -> 기타 | M19: =IF(설정!$C$45="","",설정!$C$45) -> 80000 | N19: =SUMIF($H$5:$H$54,L19,$J$5:$J$54) -> 0 | O19: =IFERROR(N19/M19,0) -> 0 | P19: =IF(M19="","",REPT("■",MIN(10,ROUND(O19*10,0)))&REPT("□",10-MIN(10,ROUND(O19*10,0)))) -> □□□□□□□□□□ | V19: =IF(B25="","",B25) -> 통신비 (휴대폰·인터넷) | W19: =E25 -> 0
L20: 합계 | M20: =SUM(M5:M19) -> 1410000 | N20: =SUM(N5:N19) -> 0 | V20: =IF(B26="","",B26) -> 보험료 | W20: =E26 -> 0
B21: 고정지출 | V21: =IF(B27="","",B27) -> 구독 서비스 | W21: =E27 -> 0
B22: 항목 | C22: 예산 | D22: 결제일 | E22: 실제 | V22: =IF(B28="","",B28) -> 교통 정기권 | W22: =E28 -> 0
B23: =IF(설정!$B$16="","",설정!$B$16) -> 월세 / 주택대출 상환 | C23: =IF(설정!$C$16="","",설정!$C$16) -> 600000 | D23: =IF(설정!$D$16="","",설정!$D$16) -> 25일 | V23: =IF(B29="","",B29) -> 적금 | W23: =E29 -> 0
B24: =IF(설정!$B$17="","",설정!$B$17) -> 관리비 | C24: =IF(설정!$C$17="","",설정!$C$17) -> 150000 | D24: =IF(설정!$D$17="","",설정!$D$17) -> 30일 | V24: =IF(B30="","",B30) -> 청약저축 | W24: =E30 -> 0
B25: =IF(설정!$B$18="","",설정!$B$18) -> 통신비 (휴대폰·인터넷) | C25: =IF(설정!$C$18="","",설정!$C$18) -> 88000 | D25: =IF(설정!$D$18="","",설정!$D$18) -> 15일 | V25: =IF(B31="","",B31) -> 대출 이자 | W25: =E31 -> 0
B26: =IF(설정!$B$19="","",설정!$B$19) -> 보험료 | C26: =IF(설정!$C$19="","",설정!$C$19) -> 120000 | D26: =IF(설정!$D$19="","",설정!$D$19) -> 5일 | V26: =IF(B32="","",B32) -> 공과금 (전기·가스·수도) | W26: =E32 -> 0
B27: =IF(설정!$B$20="","",설정!$B$20) -> 구독 서비스 | C27: =IF(설정!$C$20="","",설정!$C$20) -> 29000 | D27: =IF(설정!$D$20="","",설정!$D$20) -> 10일 | V27: =IF(B33="","",B33) | W27: =E33 -> 0
B28: =IF(설정!$B$21="","",설정!$B$21) -> 교통 정기권 | C28: =IF(설정!$C$21="","",설정!$C$21) -> 62000 | D28: =IF(설정!$D$21="","",설정!$D$21) -> 1일 | V28: =IF(B34="","",B34) | W28: =E34 -> 0
B29: =IF(설정!$B$22="","",설정!$B$22) -> 적금 | C29: =IF(설정!$C$22="","",설정!$C$22) -> 300000 | D29: =IF(설정!$D$22="","",설정!$D$22) -> 25일
B30: =IF(설정!$B$23="","",설정!$B$23) -> 청약저축 | C30: =IF(설정!$C$23="","",설정!$C$23) -> 100000 | D30: =IF(설정!$D$23="","",설정!$D$23) -> 25일
B31: =IF(설정!$B$24="","",설정!$B$24) -> 대출 이자 | C31: =IF(설정!$C$24="","",설정!$C$24) -> 180000 | D31: =IF(설정!$D$24="","",설정!$D$24) -> 25일
B32: =IF(설정!$B$25="","",설정!$B$25) -> 공과금 (전기·가스·수도) | C32: =IF(설정!$C$25="","",설정!$C$25) -> 140000 | D32: =IF(설정!$D$25="","",설정!$D$25) -> 말일
B33: =IF(설정!$B$26="","",설정!$B$26) | C33: =IF(설정!$C$26="","",설정!$C$26) | D33: =IF(설정!$D$26="","",설정!$D$26)
B34: =IF(설정!$B$27="","",설정!$B$27) | C34: =IF(설정!$C$27="","",설정!$C$27) | D34: =IF(설정!$D$27="","",설정!$D$27)
B35: 합계 | C35: =SUM(C23:C34) -> 1769000 | E35: =SUM(E23:E34) -> 0
B37: 저축·투자
B38: 항목 | C38: 목표 | D38: 실제 | E38: 차이
B39: =IF(설정!$B$49="","",설정!$B$49) -> 비상금 | C39: =IF(설정!$C$49="","",설정!$C$49) -> 150000 | E39: =IF(D39="","",D39-C39)
B40: =IF(설정!$B$50="","",설정!$B$50) -> 청약 / 내집마련 | C40: =IF(설정!$C$50="","",설정!$C$50) -> 100000 | E40: =IF(D40="","",D40-C40)
B41: =IF(설정!$B$51="","",설정!$B$51) -> 투자 (ETF·주식) | C41: =IF(설정!$C$51="","",설정!$C$51) -> 400000 | E41: =IF(D41="","",D41-C41)
B42: =IF(설정!$B$52="","",설정!$B$52) -> 여행 자금 | C42: =IF(설정!$C$52="","",설정!$C$52) -> 100000 | E42: =IF(D42="","",D42-C42)
B43: =IF(설정!$B$53="","",설정!$B$53) -> 노후 / 연금 | C43: =IF(설정!$C$53="","",설정!$C$53) -> 200000 | E43: =IF(D43="","",D43-C43)
B44: =IF(설정!$B$54="","",설정!$B$54) -> 목표 저축 | C44: =IF(설정!$C$54="","",설정!$C$54) -> 150000 | E44: =IF(D44="","",D44-C44)
B45: 합계 | C45: =SUM(C39:C44) -> 1100000 | D45: =SUM(D39:D44) -> 0 | E45: =D45-C45 -> -1100000
B47: 이달의 메모 · 회고
G55: 합계 | J55: =SUM(J5:J54) -> 0

Sheet 12월
B1: 12월 가계부 | L1: 제이슨의 머니쇼 · 2026 | V1: 월 지출(전체) 차트 데이터
V2: =IF(L5="","",L5) -> 식비 (장보기) | W2: =N5 -> 0
B3: 이번 달 한눈에 | G3: 변동지출 기록 | L3: 카테고리별 예산 vs 사용 | R3: 차트 데이터 | V3: =IF(L6="","",L6) -> 외식 / 카페 | W3: =N6 -> 0
B4: 총수입 | D4: =D19 -> 0 | G4: 날짜 | H4: 분류 | I4: 내용 | J4: 금액 | L4: 분류 | M4: 예산 | N4: 사용 | O4: 달성 | P4: 진행 | R4: 구분 | S4: 예산 | T4: 실제 | V4: =IF(L7="","",L7) -> 생활용품 | W4: =N7 -> 0
B5: 총지출 | D5: =E35+J55 -> 0 | L5: =IF(설정!$B$31="","",설정!$B$31) -> 식비 (장보기) | M5: =IF(설정!$C$31="","",설정!$C$31) -> 350000 | N5: =SUMIF($H$5:$H$54,L5,$J$5:$J$54) -> 0 | O5: =IFERROR(N5/M5,0) -> 0 | P5: =IF(M5="","",REPT("■",MIN(10,ROUND(O5*10,0)))&REPT("□",10-MIN(10,ROUND(O5*10,0)))) -> □□□□□□□□□□ | R5: 수입 | S5: =C19 -> 3950000 | T5: =D19 -> 0 | V5: =IF(L8="","",L8) -> 교통 / 차량 | W5: =N8 -> 0
B6: 저축·투자 | D6: =D45 -> 0 | L6: =IF(설정!$B$32="","",설정!$B$32) -> 외식 / 카페 | M6: =IF(설정!$C$32="","",설정!$C$32) -> 200000 | N6: =SUMIF($H$5:$H$54,L6,$J$5:$J$54) -> 0 | O6: =IFERROR(N6/M6,0) -> 0 | P6: =IF(M6="","",REPT("■",MIN(10,ROUND(O6*10,0)))&REPT("□",10-MIN(10,ROUND(O6*10,0)))) -> □□□□□□□□□□ | R6: 지출 | S6: =C35+M20 -> 3179000 | T6: =E35+J55 -> 0 | V6: =IF(L9="","",L9) -> 의료 / 건강 | W6: =N9 -> 0
B7: 남은 돈 | D7: =D4-D5-D6 -> 0 | L7: =IF(설정!$B$33="","",설정!$B$33) -> 생활용품 | M7: =IF(설정!$C$33="","",설정!$C$33) -> 80000 | N7: =SUMIF($H$5:$H$54,L7,$J$5:$J$54) -> 0 | O7: =IFERROR(N7/M7,0) -> 0 | P7: =IF(M7="","",REPT("■",MIN(10,ROUND(O7*10,0)))&REPT("□",10-MIN(10,ROUND(O7*10,0)))) -> □□□□□□□□□□ | R7: 저축 | S7: =C45 -> 1100000 | T7: =D45 -> 0 | V7: =IF(L10="","",L10) -> 의류 / 미용 | W7: =N10 -> 0
B8: 저축률 | D8: =IFERROR((D4-D5)/D4,0) -> 0 | L8: =IF(설정!$B$34="","",설정!$B$34) -> 교통 / 차량 | M8: =IF(설정!$C$34="","",설정!$C$34) -> 120000 | N8: =SUMIF($H$5:$H$54,L8,$J$5:$J$54) -> 0 | O8: =IFERROR(N8/M8,0) -> 0 | P8: =IF(M8="","",REPT("■",MIN(10,ROUND(O8*10,0)))&REPT("□",10-MIN(10,ROUND(O8*10,0)))) -> □□□□□□□□□□ | V8: =IF(L11="","",L11) -> 교육 / 자기계발 | W8: =N11 -> 0
L9: =IF(설정!$B$35="","",설정!$B$35) -> 의료 / 건강 | M9: =IF(설정!$C$35="","",설정!$C$35) -> 60000 | N9: =SUMIF($H$5:$H$54,L9,$J$5:$J$54) -> 0 | O9: =IFERROR(N9/M9,0) -> 0 | P9: =IF(M9="","",REPT("■",MIN(10,ROUND(O9*10,0)))&REPT("□",10-MIN(10,ROUND(O9*10,0)))) -> □□□□□□□□□□ | R9: 고정지출 | S9: =E35 -> 0 | V9: =IF(L12="","",L12) -> 문화 / 여가 | W9: =N12 -> 0
B10: 수입 | L10: =IF(설정!$B$36="","",설정!$B$36) -> 의류 / 미용 | M10: =IF(설정!$C$36="","",설정!$C$36) -> 100000 | N10: =SUMIF($H$5:$H$54,L10,$J$5:$J$54) -> 0 | O10: =IFERROR(N10/M10,0) -> 0 | P10: =IF(M10="","",REPT("■",MIN(10,ROUND(O10*10,0)))&REPT("□",10-MIN(10,ROUND(O10*10,0)))) -> □□□□□□□□□□ | R10: 변동지출 | S10: =J55 -> 0 | V10: =IF(L13="","",L13) -> 경조사 / 선물 | W10: =N13 -> 0
B11: 항목 | C11: 예상 | D11: 실제 | E11: 차이 | L11: =IF(설정!$B$37="","",설정!$B$37) -> 교육 / 자기계발 | M11: =IF(설정!$C$37="","",설정!$C$37) -> 80000 | N11: =SUMIF($H$5:$H$54,L11,$J$5:$J$54) -> 0 | O11: =IFERROR(N11/M11,0) -> 0 | P11: =IF(M11="","",REPT("■",MIN(10,ROUND(O11*10,0)))&REPT("□",10-MIN(10,ROUND(O11*10,0)))) -> □□□□□□□□□□ | V11: =IF(L14="","",L14) -> 자녀 / 육아 | W11: =N14 -> 0
B12: =IF(설정!$B$6="","",설정!$B$6) -> 월급 (본업) | C12: =IF(설정!$C$6="","",설정!$C$6) -> 3500000 | E12: =IF(D12="","",D12-C12) | L12: =IF(설정!$B$38="","",설정!$B$38) -> 문화 / 여가 | M12: =IF(설정!$C$38="","",설정!$C$38) -> 80000 | N12: =SUMIF($H$5:$H$54,L12,$J$5:$J$54) -> 0 | O12: =IFERROR(N12/M12,0) -> 0 | P12: =IF(M12="","",REPT("■",MIN(10,ROUND(O12*10,0)))&REPT("□",10-MIN(10,ROUND(O12*10,0)))) -> □□□□□□□□□□ | V12: =IF(L15="","",L15) -> 반려동물 | W12: =N15 -> 0
B13: =IF(설정!$B$7="","",설정!$B$7) -> 부수입 / 사이드잡 | C13: =IF(설정!$C$7="","",설정!$C$7) -> 400000 | E13: =IF(D13="","",D13-C13) | L13: =IF(설정!$B$39="","",설정!$B$39) -> 경조사 / 선물 | M13: =IF(설정!$C$39="","",설정!$C$39) -> 100000 | N13: =SUMIF($H$5:$H$54,L13,$J$5:$J$54) -> 0 | O13: =IFERROR(N13/M13,0) -> 0 | P13: =IF(M13="","",REPT("■",MIN(10,ROUND(O13*10,0)))&REPT("□",10-MIN(10,ROUND(O13*10,0)))) -> □□□□□□□□□□ | V13: =IF(L16="","",L16) -> 여행 | W13: =N16 -> 0
B14: =IF(설정!$B$8="","",설정!$B$8) -> 상여 / 보너스 | C14: =IF(설정!$C$8="","",설정!$C$8) -> 0 | E14: =IF(D14="","",D14-C14) | L14: =IF(설정!$B$40="","",설정!$B$40) -> 자녀 / 육아 | M14: =IF(설정!$C$40="","",설정!$C$40) -> 0 | N14: =SUMIF($H$5:$H$54,L14,$J$5:$J$54) -> 0 | O14: =IFERROR(N14/M14,0) -> 0 | P14: =IF(M14="","",REPT("■",MIN(10,ROUND(O14*10,0)))&REPT("□",10-MIN(10,ROUND(O14*10,0)))) -> □□□□□□□□□□ | V14: =IF(L17="","",L17) -> 통신 / 디지털 | W14: =N17 -> 0
B15: =IF(설정!$B$9="","",설정!$B$9) -> 이자 / 배당 | C15: =IF(설정!$C$9="","",설정!$C$9) -> 50000 | E15: =IF(D15="","",D15-C15) | L15: =IF(설정!$B$41="","",설정!$B$41) -> 반려동물 | M15: =IF(설정!$C$41="","",설정!$C$41) -> 0 | N15: =SUMIF($H$5:$H$54,L15,$J$5:$J$54) -> 0 | O15: =IFERROR(N15/M15,0) -> 0 | P15: =IF(M15="","",REPT("■",MIN(10,ROUND(O15*10,0)))&REPT("□",10-MIN(10,ROUND(O15*10,0)))) -> □□□□□□□□□□ | V15: =IF(L18="","",L18) -> 기부 / 후원 | W15: =N18 -> 0
B16: =IF(설정!$B$10="","",설정!$B$10) -> 용돈 / 기타 | C16: =IF(설정!$C$10="","",설정!$C$10) -> 0 | E16: =IF(D16="","",D16-C16) | L16: =IF(설정!$B$42="","",설정!$B$42) -> 여행 | M16: =IF(설정!$C$42="","",설정!$C$42) -> 100000 | N16: =SUMIF($H$5:$H$54,L16,$J$5:$J$54) -> 0 | O16: =IFERROR(N16/M16,0) -> 0 | P16: =IF(M16="","",REPT("■",MIN(10,ROUND(O16*10,0)))&REPT("□",10-MIN(10,ROUND(O16*10,0)))) -> □□□□□□□□□□ | V16: =IF(L19="","",L19) -> 기타 | W16: =N19 -> 0
B17: =IF(설정!$B$11="","",설정!$B$11) | C17: =IF(설정!$C$11="","",설정!$C$11) | E17: =IF(D17="","",D17-C17) | L17: =IF(설정!$B$43="","",설정!$B$43) -> 통신 / 디지털 | M17: =IF(설정!$C$43="","",설정!$C$43) -> 30000 | N17: =SUMIF($H$5:$H$54,L17,$J$5:$J$54) -> 0 | O17: =IFERROR(N17/M17,0) -> 0 | P17: =IF(M17="","",REPT("■",MIN(10,ROUND(O17*10,0)))&REPT("□",10-MIN(10,ROUND(O17*10,0)))) -> □□□□□□□□□□ | V17: =IF(B23="","",B23) -> 월세 / 주택대출 상환 | W17: =E23 -> 0
B18: =IF(설정!$B$12="","",설정!$B$12) | C18: =IF(설정!$C$12="","",설정!$C$12) | E18: =IF(D18="","",D18-C18) | L18: =IF(설정!$B$44="","",설정!$B$44) -> 기부 / 후원 | M18: =IF(설정!$C$44="","",설정!$C$44) -> 30000 | N18: =SUMIF($H$5:$H$54,L18,$J$5:$J$54) -> 0 | O18: =IFERROR(N18/M18,0) -> 0 | P18: =IF(M18="","",REPT("■",MIN(10,ROUND(O18*10,0)))&REPT("□",10-MIN(10,ROUND(O18*10,0)))) -> □□□□□□□□□□ | V18: =IF(B24="","",B24) -> 관리비 | W18: =E24 -> 0
B19: 합계 | C19: =SUM(C12:C18) -> 3950000 | D19: =SUM(D12:D18) -> 0 | E19: =D19-C19 -> -3950000 | L19: =IF(설정!$B$45="","",설정!$B$45) -> 기타 | M19: =IF(설정!$C$45="","",설정!$C$45) -> 80000 | N19: =SUMIF($H$5:$H$54,L19,$J$5:$J$54) -> 0 | O19: =IFERROR(N19/M19,0) -> 0 | P19: =IF(M19="","",REPT("■",MIN(10,ROUND(O19*10,0)))&REPT("□",10-MIN(10,ROUND(O19*10,0)))) -> □□□□□□□□□□ | V19: =IF(B25="","",B25) -> 통신비 (휴대폰·인터넷) | W19: =E25 -> 0
L20: 합계 | M20: =SUM(M5:M19) -> 1410000 | N20: =SUM(N5:N19) -> 0 | V20: =IF(B26="","",B26) -> 보험료 | W20: =E26 -> 0
B21: 고정지출 | V21: =IF(B27="","",B27) -> 구독 서비스 | W21: =E27 -> 0
B22: 항목 | C22: 예산 | D22: 결제일 | E22: 실제 | V22: =IF(B28="","",B28) -> 교통 정기권 | W22: =E28 -> 0
B23: =IF(설정!$B$16="","",설정!$B$16) -> 월세 / 주택대출 상환 | C23: =IF(설정!$C$16="","",설정!$C$16) -> 600000 | D23: =IF(설정!$D$16="","",설정!$D$16) -> 25일 | V23: =IF(B29="","",B29) -> 적금 | W23: =E29 -> 0
B24: =IF(설정!$B$17="","",설정!$B$17) -> 관리비 | C24: =IF(설정!$C$17="","",설정!$C$17) -> 150000 | D24: =IF(설정!$D$17="","",설정!$D$17) -> 30일 | V24: =IF(B30="","",B30) -> 청약저축 | W24: =E30 -> 0
B25: =IF(설정!$B$18="","",설정!$B$18) -> 통신비 (휴대폰·인터넷) | C25: =IF(설정!$C$18="","",설정!$C$18) -> 88000 | D25: =IF(설정!$D$18="","",설정!$D$18) -> 15일 | V25: =IF(B31="","",B31) -> 대출 이자 | W25: =E31 -> 0
B26: =IF(설정!$B$19="","",설정!$B$19) -> 보험료 | C26: =IF(설정!$C$19="","",설정!$C$19) -> 120000 | D26: =IF(설정!$D$19="","",설정!$D$19) -> 5일 | V26: =IF(B32="","",B32) -> 공과금 (전기·가스·수도) | W26: =E32 -> 0
B27: =IF(설정!$B$20="","",설정!$B$20) -> 구독 서비스 | C27: =IF(설정!$C$20="","",설정!$C$20) -> 29000 | D27: =IF(설정!$D$20="","",설정!$D$20) -> 10일 | V27: =IF(B33="","",B33) | W27: =E33 -> 0
B28: =IF(설정!$B$21="","",설정!$B$21) -> 교통 정기권 | C28: =IF(설정!$C$21="","",설정!$C$21) -> 62000 | D28: =IF(설정!$D$21="","",설정!$D$21) -> 1일 | V28: =IF(B34="","",B34) | W28: =E34 -> 0
B29: =IF(설정!$B$22="","",설정!$B$22) -> 적금 | C29: =IF(설정!$C$22="","",설정!$C$22) -> 300000 | D29: =IF(설정!$D$22="","",설정!$D$22) -> 25일
B30: =IF(설정!$B$23="","",설정!$B$23) -> 청약저축 | C30: =IF(설정!$C$23="","",설정!$C$23) -> 100000 | D30: =IF(설정!$D$23="","",설정!$D$23) -> 25일
B31: =IF(설정!$B$24="","",설정!$B$24) -> 대출 이자 | C31: =IF(설정!$C$24="","",설정!$C$24) -> 180000 | D31: =IF(설정!$D$24="","",설정!$D$24) -> 25일
B32: =IF(설정!$B$25="","",설정!$B$25) -> 공과금 (전기·가스·수도) | C32: =IF(설정!$C$25="","",설정!$C$25) -> 140000 | D32: =IF(설정!$D$25="","",설정!$D$25) -> 말일
B33: =IF(설정!$B$26="","",설정!$B$26) | C33: =IF(설정!$C$26="","",설정!$C$26) | D33: =IF(설정!$D$26="","",설정!$D$26)
B34: =IF(설정!$B$27="","",설정!$B$27) | C34: =IF(설정!$C$27="","",설정!$C$27) | D34: =IF(설정!$D$27="","",설정!$D$27)
B35: 합계 | C35: =SUM(C23:C34) -> 1769000 | E35: =SUM(E23:E34) -> 0
B37: 저축·투자
B38: 항목 | C38: 목표 | D38: 실제 | E38: 차이
B39: =IF(설정!$B$49="","",설정!$B$49) -> 비상금 | C39: =IF(설정!$C$49="","",설정!$C$49) -> 150000 | E39: =IF(D39="","",D39-C39)
B40: =IF(설정!$B$50="","",설정!$B$50) -> 청약 / 내집마련 | C40: =IF(설정!$C$50="","",설정!$C$50) -> 100000 | E40: =IF(D40="","",D40-C40)
B41: =IF(설정!$B$51="","",설정!$B$51) -> 투자 (ETF·주식) | C41: =IF(설정!$C$51="","",설정!$C$51) -> 400000 | E41: =IF(D41="","",D41-C41)
B42: =IF(설정!$B$52="","",설정!$B$52) -> 여행 자금 | C42: =IF(설정!$C$52="","",설정!$C$52) -> 100000 | E42: =IF(D42="","",D42-C42)
B43: =IF(설정!$B$53="","",설정!$B$53) -> 노후 / 연금 | C43: =IF(설정!$C$53="","",설정!$C$53) -> 200000 | E43: =IF(D43="","",D43-C43)
B44: =IF(설정!$B$54="","",설정!$B$54) -> 목표 저축 | C44: =IF(설정!$C$54="","",설정!$C$54) -> 150000 | E44: =IF(D44="","",D44-C44)
B45: 합계 | C45: =SUM(C39:C44) -> 1100000 | D45: =SUM(D39:D44) -> 0 | E45: =D45-C45 -> -1100000
B47: 이달의 메모 · 회고
G55: 합계 | J55: =SUM(J5:J54) -> 0

Sheet 카테고리 개요
B2: 카테고리 개요 · 2026
B3: 각 달 시트의 카테고리별 사용액을 한 표로 모았습니다. 자동 계산됩니다.
B5: 분류 | C5: 1월 | D5: 2월 | E5: 3월 | F5: 4월 | G5: 5월 | H5: 6월 | I5: 7월 | J5: 8월 | K5: 9월 | L5: 10월 | M5: 11월 | N5: 12월 | O5: 합계 | P5: 월평균 | Q5: 연 예산 | R5: 예산대비
B6: =IF(설정!$B$31="","",설정!$B$31) -> 식비 (장보기) | C6: ='1월'!N5 -> 183000 | D6: ='2월'!N5 -> 0 | E6: ='3월'!N5 -> 0 | F6: ='4월'!N5 -> 0 | G6: ='5월'!N5 -> 0 | H6: ='6월'!N5 -> 0 | I6: ='7월'!N5 -> 0 | J6: ='8월'!N5 -> 0 | K6: ='9월'!N5 -> 0 | L6: ='10월'!N5 -> 0 | M6: ='11월'!N5 -> 0 | N6: ='12월'!N5 -> 0 | O6: =SUM(C6:N6) -> 183000 | P6: =O6/12 -> 15250 | Q6: =IF(설정!$C$31="","",설정!$C$31*12) -> 4200000 | R6: =IF(Q6="","",Q6-O6) -> 4017000
B7: =IF(설정!$B$32="","",설정!$B$32) -> 외식 / 카페 | C7: ='1월'!N6 -> 96000 | D7: ='2월'!N6 -> 0 | E7: ='3월'!N6 -> 0 | F7: ='4월'!N6 -> 0 | G7: ='5월'!N6 -> 0 | H7: ='6월'!N6 -> 0 | I7: ='7월'!N6 -> 0 | J7: ='8월'!N6 -> 0 | K7: ='9월'!N6 -> 0 | L7: ='10월'!N6 -> 0 | M7: ='11월'!N6 -> 0 | N7: ='12월'!N6 -> 0 | O7: =SUM(C7:N7) -> 96000 | P7: =O7/12 -> 8000 | Q7: =IF(설정!$C$32="","",설정!$C$32*12) -> 2400000 | R7: =IF(Q7="","",Q7-O7) -> 2304000
B8: =IF(설정!$B$33="","",설정!$B$33) -> 생활용품 | C8: ='1월'!N7 -> 23000 | D8: ='2월'!N7 -> 0 | E8: ='3월'!N7 -> 0 | F8: ='4월'!N7 -> 0 | G8: ='5월'!N7 -> 0 | H8: ='6월'!N7 -> 0 | I8: ='7월'!N7 -> 0 | J8: ='8월'!N7 -> 0 | K8: ='9월'!N7 -> 0 | L8: ='10월'!N7 -> 0 | M8: ='11월'!N7 -> 0 | N8: ='12월'!N7 -> 0 | O8: =SUM(C8:N8) -> 23000 | P8: =O8/12 -> 1916.6667 | Q8: =IF(설정!$C$33="","",설정!$C$33*12) -> 960000 | R8: =IF(Q8="","",Q8-O8) -> 937000
B9: =IF(설정!$B$34="","",설정!$B$34) -> 교통 / 차량 | C9: ='1월'!N8 -> 70000 | D9: ='2월'!N8 -> 0 | E9: ='3월'!N8 -> 0 | F9: ='4월'!N8 -> 0 | G9: ='5월'!N8 -> 0 | H9: ='6월'!N8 -> 0 | I9: ='7월'!N8 -> 0 | J9: ='8월'!N8 -> 0 | K9: ='9월'!N8 -> 0 | L9: ='10월'!N8 -> 0 | M9: ='11월'!N8 -> 0 | N9: ='12월'!N8 -> 0 | O9: =SUM(C9:N9) -> 70000 | P9: =O9/12 -> 5833.3333 | Q9: =IF(설정!$C$34="","",설정!$C$34*12) -> 1440000 | R9: =IF(Q9="","",Q9-O9) -> 1370000
B10: =IF(설정!$B$35="","",설정!$B$35) -> 의료 / 건강 | C10: ='1월'!N9 -> 12000 | D10: ='2월'!N9 -> 0 | E10: ='3월'!N9 -> 0 | F10: ='4월'!N9 -> 0 | G10: ='5월'!N9 -> 0 | H10: ='6월'!N9 -> 0 | I10: ='7월'!N9 -> 0 | J10: ='8월'!N9 -> 0 | K10: ='9월'!N9 -> 0 | L10: ='10월'!N9 -> 0 | M10: ='11월'!N9 -> 0 | N10: ='12월'!N9 -> 0 | O10: =SUM(C10:N10) -> 12000 | P10: =O10/12 -> 1000 | Q10: =IF(설정!$C$35="","",설정!$C$35*12) -> 720000 | R10: =IF(Q10="","",Q10-O10) -> 708000
B11: =IF(설정!$B$36="","",설정!$B$36) -> 의류 / 미용 | C11: ='1월'!N10 -> 45000 | D11: ='2월'!N10 -> 0 | E11: ='3월'!N10 -> 0 | F11: ='4월'!N10 -> 0 | G11: ='5월'!N10 -> 0 | H11: ='6월'!N10 -> 0 | I11: ='7월'!N10 -> 0 | J11: ='8월'!N10 -> 0 | K11: ='9월'!N10 -> 0 | L11: ='10월'!N10 -> 0 | M11: ='11월'!N10 -> 0 | N11: ='12월'!N10 -> 0 | O11: =SUM(C11:N11) -> 45000 | P11: =O11/12 -> 3750 | Q11: =IF(설정!$C$36="","",설정!$C$36*12) -> 1200000 | R11: =IF(Q11="","",Q11-O11) -> 1155000
B12: =IF(설정!$B$37="","",설정!$B$37) -> 교육 / 자기계발 | C12: ='1월'!N11 -> 39000 | D12: ='2월'!N11 -> 0 | E12: ='3월'!N11 -> 0 | F12: ='4월'!N11 -> 0 | G12: ='5월'!N11 -> 0 | H12: ='6월'!N11 -> 0 | I12: ='7월'!N11 -> 0 | J12: ='8월'!N11 -> 0 | K12: ='9월'!N11 -> 0 | L12: ='10월'!N11 -> 0 | M12: ='11월'!N11 -> 0 | N12: ='12월'!N11 -> 0 | O12: =SUM(C12:N12) -> 39000 | P12: =O12/12 -> 3250 | Q12: =IF(설정!$C$37="","",설정!$C$37*12) -> 960000 | R12: =IF(Q12="","",Q12-O12) -> 921000
B13: =IF(설정!$B$38="","",설정!$B$38) -> 문화 / 여가 | C13: ='1월'!N12 -> 28000 | D13: ='2월'!N12 -> 0 | E13: ='3월'!N12 -> 0 | F13: ='4월'!N12 -> 0 | G13: ='5월'!N12 -> 0 | H13: ='6월'!N12 -> 0 | I13: ='7월'!N12 -> 0 | J13: ='8월'!N12 -> 0 | K13: ='9월'!N12 -> 0 | L13: ='10월'!N12 -> 0 | M13: ='11월'!N12 -> 0 | N13: ='12월'!N12 -> 0 | O13: =SUM(C13:N13) -> 28000 | P13: =O13/12 -> 2333.3333 | Q13: =IF(설정!$C$38="","",설정!$C$38*12) -> 960000 | R13: =IF(Q13="","",Q13-O13) -> 932000
B14: =IF(설정!$B$39="","",설정!$B$39) -> 경조사 / 선물 | C14: ='1월'!N13 -> 50000 | D14: ='2월'!N13 -> 0 | E14: ='3월'!N13 -> 0 | F14: ='4월'!N13 -> 0 | G14: ='5월'!N13 -> 0 | H14: ='6월'!N13 -> 0 | I14: ='7월'!N13 -> 0 | J14: ='8월'!N13 -> 0 | K14: ='9월'!N13 -> 0 | L14: ='10월'!N13 -> 0 | M14: ='11월'!N13 -> 0 | N14: ='12월'!N13 -> 0 | O14: =SUM(C14:N14) -> 50000 | P14: =O14/12 -> 4166.6667 | Q14: =IF(설정!$C$39="","",설정!$C$39*12) -> 1200000 | R14: =IF(Q14="","",Q14-O14) -> 1150000
B15: =IF(설정!$B$40="","",설정!$B$40) -> 자녀 / 육아 | C15: ='1월'!N14 -> 0 | D15: ='2월'!N14 -> 0 | E15: ='3월'!N14 -> 0 | F15: ='4월'!N14 -> 0 | G15: ='5월'!N14 -> 0 | H15: ='6월'!N14 -> 0 | I15: ='7월'!N14 -> 0 | J15: ='8월'!N14 -> 0 | K15: ='9월'!N14 -> 0 | L15: ='10월'!N14 -> 0 | M15: ='11월'!N14 -> 0 | N15: ='12월'!N14 -> 0 | O15: =SUM(C15:N15) -> 0 | P15: =O15/12 -> 0 | Q15: =IF(설정!$C$40="","",설정!$C$40*12) -> 0 | R15: =IF(Q15="","",Q15-O15) -> 0
B16: =IF(설정!$B$41="","",설정!$B$41) -> 반려동물 | C16: ='1월'!N15 -> 0 | D16: ='2월'!N15 -> 0 | E16: ='3월'!N15 -> 0 | F16: ='4월'!N15 -> 0 | G16: ='5월'!N15 -> 0 | H16: ='6월'!N15 -> 0 | I16: ='7월'!N15 -> 0 | J16: ='8월'!N15 -> 0 | K16: ='9월'!N15 -> 0 | L16: ='10월'!N15 -> 0 | M16: ='11월'!N15 -> 0 | N16: ='12월'!N15 -> 0 | O16: =SUM(C16:N16) -> 0 | P16: =O16/12 -> 0 | Q16: =IF(설정!$C$41="","",설정!$C$41*12) -> 0 | R16: =IF(Q16="","",Q16-O16) -> 0
B17: =IF(설정!$B$42="","",설정!$B$42) -> 여행 | C17: ='1월'!N16 -> 120000 | D17: ='2월'!N16 -> 0 | E17: ='3월'!N16 -> 0 | F17: ='4월'!N16 -> 0 | G17: ='5월'!N16 -> 0 | H17: ='6월'!N16 -> 0 | I17: ='7월'!N16 -> 0 | J17: ='8월'!N16 -> 0 | K17: ='9월'!N16 -> 0 | L17: ='10월'!N16 -> 0 | M17: ='11월'!N16 -> 0 | N17: ='12월'!N16 -> 0 | O17: =SUM(C17:N17) -> 120000 | P17: =O17/12 -> 10000 | Q17: =IF(설정!$C$42="","",설정!$C$42*12) -> 1200000 | R17: =IF(Q17="","",Q17-O17) -> 1080000
B18: =IF(설정!$B$43="","",설정!$B$43) -> 통신 / 디지털 | C18: ='1월'!N17 -> 13000 | D18: ='2월'!N17 -> 0 | E18: ='3월'!N17 -> 0 | F18: ='4월'!N17 -> 0 | G18: ='5월'!N17 -> 0 | H18: ='6월'!N17 -> 0 | I18: ='7월'!N17 -> 0 | J18: ='8월'!N17 -> 0 | K18: ='9월'!N17 -> 0 | L18: ='10월'!N17 -> 0 | M18: ='11월'!N17 -> 0 | N18: ='12월'!N17 -> 0 | O18: =SUM(C18:N18) -> 13000 | P18: =O18/12 -> 1083.3333 | Q18: =IF(설정!$C$43="","",설정!$C$43*12) -> 360000 | R18: =IF(Q18="","",Q18-O18) -> 347000
B19: =IF(설정!$B$44="","",설정!$B$44) -> 기부 / 후원 | C19: ='1월'!N18 -> 30000 | D19: ='2월'!N18 -> 0 | E19: ='3월'!N18 -> 0 | F19: ='4월'!N18 -> 0 | G19: ='5월'!N18 -> 0 | H19: ='6월'!N18 -> 0 | I19: ='7월'!N18 -> 0 | J19: ='8월'!N18 -> 0 | K19: ='9월'!N18 -> 0 | L19: ='10월'!N18 -> 0 | M19: ='11월'!N18 -> 0 | N19: ='12월'!N18 -> 0 | O19: =SUM(C19:N19) -> 30000 | P19: =O19/12 -> 2500 | Q19: =IF(설정!$C$44="","",설정!$C$44*12) -> 360000 | R19: =IF(Q19="","",Q19-O19) -> 330000
B20: =IF(설정!$B$45="","",설정!$B$45) -> 기타 | C20: ='1월'!N19 -> 0 | D20: ='2월'!N19 -> 0 | E20: ='3월'!N19 -> 0 | F20: ='4월'!N19 -> 0 | G20: ='5월'!N19 -> 0 | H20: ='6월'!N19 -> 0 | I20: ='7월'!N19 -> 0 | J20: ='8월'!N19 -> 0 | K20: ='9월'!N19 -> 0 | L20: ='10월'!N19 -> 0 | M20: ='11월'!N19 -> 0 | N20: ='12월'!N19 -> 0 | O20: =SUM(C20:N20) -> 0 | P20: =O20/12 -> 0 | Q20: =IF(설정!$C$45="","",설정!$C$45*12) -> 960000 | R20: =IF(Q20="","",Q20-O20) -> 960000
B21: 월 합계 | C21: =SUM(C6:C20) -> 709000 | D21: =SUM(D6:D20) -> 0 | E21: =SUM(E6:E20) -> 0 | F21: =SUM(F6:F20) -> 0 | G21: =SUM(G6:G20) -> 0 | H21: =SUM(H6:H20) -> 0 | I21: =SUM(I6:I20) -> 0 | J21: =SUM(J6:J20) -> 0 | ... O21: =SUM(O6:O20) -> 709000

Sheet 저축 목표
B2: 저축 목표 · 목적자금
B3: 목표명·목표금액·목표일과 매달 납입액(흰 칸)을 적으면 진행률이 자동 계산됩니다.
B5: 목표명 | C5: 목표금액 | D5: 목표일 | E5: 1월 | F5: 2월 | G5: 3월 | H5: 4월 | I5: 5월 | J5: 6월 | K5: 7월 | L5: 8월 | M5: 9월 | N5: 10월 | O5: 11월 | P5: 12월 | Q5: 누적 | R5: 남은 | S5: 진행률 | T5: 진행바
B6: 비상금 (6개월 생활비) | C6: 9000000 | D6: 2026-12 | E6: 300000 | F6: 300000 | G6: 300000 | H6: 300000 | I6: 300000 | J6: 300000 | Q6: =SUM(E6:P6) -> 1800000 | R6: =IF(C6="","",C6-Q6) -> 7200000 | S6: =IFERROR(Q6/C6,0) -> 0.2 | T6: =IF(C6="","",REPT("■",MIN(10,ROUND(S6*10,0)))&REPT("□",10-MIN(10,ROUND(S6*10,0)))) -> ■■□□□□□□□□
B7: 내집마련 (전세보증금) | C7: 50000000 | D7: 2028-12 | E7: 500000 | F7: 500000 | G7: 500000 | H7: 500000 | I7: 500000 | J7: 500000 | Q7: =SUM(E7:P7) -> 3000000 | R7: =IF(C7="","",C7-Q7) -> 47000000 | S7: =IFERROR(Q7/C7,0) -> 0.06 | T7: =IF(C7="","",REPT("■",MIN(10,ROUND(S7*10,0)))&REPT("□",10-MIN(10,ROUND(S7*10,0)))) -> ■□□□□□□□□□
B8: 여행 자금 | C8: 3000000 | D8: 2026-09 | E8: 200000 | F8: 200000 | G8: 200000 | H8: 200000 | I8: 200000 | J8: 200000 | Q8: =SUM(E8:P8) -> 1200000 | R8: =IF(C8="","",C8-Q8) -> 1800000 | S8: =IFERROR(Q8/C8,0) -> 0.4 | T8: =IF(C8="","",REPT("■",MIN(10,ROUND(S8*10,0)))&REPT("□",10-MIN(10,ROUND(S8*10,0)))) -> ■■■■□□□□□□
B9: 자동차 교체 | C9: 15000000 | D9: 2027-12 | E9: 250000 | F9: 250000 | G9: 250000 | H9: 250000 | I9: 250000 | J9: 250000 | Q9: =SUM(E9:P9) -> 1500000 | R9: =IF(C9="","",C9-Q9) -> 13500000 | S9: =IFERROR(Q9/C9,0) -> 0.1 | T9: =IF(C9="","",REPT("■",MIN(10,ROUND(S9*10,0)))&REPT("□",10-MIN(10,ROUND(S9*10,0)))) -> ■□□□□□□□□□
B10: 결혼·경조사 | C10: 5000000 | D10: 2027-06 | E10: 150000 | F10: 150000 | G10: 150000 | H10: 150000 | I10: 150000 | J10: 150000 | Q10: =SUM(E10:P10) -> 900000 | R10: =IF(C10="","",C10-Q10) -> 4100000 | S10: =IFERROR(Q10/C10,0) -> 0.18 | T10: =IF(C10="","",REPT("■",MIN(10,ROUND(S10*10,0)))&REPT("□",10-MIN(10,ROUND(S10*10,0)))) -> ■■□□□□□□□□
B11: 자기계발·교육 | C11: 1500000 | D11: 2026-12 | E11: 80000 | F11: 80000 | G11: 80000 | H11: 80000 | I11: 80000 | J11: 80000 | Q11: =SUM(E11:P11) -> 480000 | R11: =IF(C11="","",C11-Q11) -> 1020000 | S11: =IFERROR(Q11/C11,0) -> 0.32 | T11: =IF(C11="","",REPT("■",MIN(10,ROUND(S11*10,0)))&REPT("□",10-MIN(10,ROUND(S11*10,0)))) -> ■■■□□□□□□□
B12: 노후 목돈 | C12: 20000000 | D12: 2030-12 | E12: 200000 | F12: 200000 | G12: 200000 | H12: 200000 | I12: 200000 | J12: 200000 | Q12: =SUM(E12:P12) -> 1200000 | R12: =IF(C12="","",C12-Q12) -> 18800000 | S12: =IFERROR(Q12/C12,0) -> 0.06 | T12: =IF(C12="","",REPT("■",MIN(10,ROUND(S12*10,0)))&REPT("□",10-MIN(10,ROUND(S12*10,0)))) -> ■□□□□□□□□□
Q13: =SUM(E13:P13) -> 0 | R13: =IF(C13="","",C13-Q13) | S13: =IFERROR(Q13/C13,0) -> 0 | T13: =IF(C13="","",REPT("■",MIN(10,ROUND(S13*10,0)))&REPT("□",10-MIN(10,ROUND(S13*10,0))))
B14: 합계 | C14: =SUM(C6:C13) -> 103500000 | E14: =SUM(E6:E13) -> 1680000 | F14: =SUM(F6:F13) -> 1680000 | G14: =SUM(G6:G13) -> 1680000 | H14: =SUM(H6:H13) -> 1680000 | I14: =SUM(I6:I13) -> 1680000 | J14: =SUM(J6:J13) -> 1680000 | K14: =SUM(K6:K13) -> 0 | L14: =SUM(L6:L13) -> 0 | ... Q14: =SUM(Q6:Q13) -> 10080000 | S14: =IFERROR(Q14/C14,0) -> 0.097391304

Sheet 순자산
B2: 순자산 트래커
B3: 최근 순자산 | C3: =IFERROR(LOOKUP(9.99E+307,C28:N28),0) -> 99700000 | E3: 매월 자산·부채를 기록하면 순자산 추이가 자동으로 그려집니다.
B5: 항목 | C5: 1월 | D5: 2월 | E5: 3월 | F5: 4월 | G5: 5월 | H5: 6월 | I5: 7월 | J5: 8월 | K5: 9월 | L5: 10월 | M5: 11월 | N5: 12월
B6: 자산
B7: 현금·예적금 | C7: 5000000 | D7: 5100000 | E7: 5200000 | F7: 5300000 | G7: 5400000 | H7: 5500000
B8: 주택청약 | C8: 2000000 | D8: 2040000 | E8: 2080000 | F8: 2120000 | G8: 2160000 | H8: 2200000
B9: 국내주식·펀드 | C9: 6000000 | D9: 6120000 | E9: 6240000 | F9: 6360000 | G9: 6480000 | H9: 6600000
B10: 해외주식 | C10: 5500000 | D10: 5610000 | E10: 5720000 | F10: 5830000 | G10: 5940000 | H10: 6050000
B11: 가상자산 | C11: 3000000 | D11: 3060000 | E11: 3120000 | F11: 3180000 | G11: 3240000 | H11: 3300000
B12: 연금·IRP·ISA | C12: 8000000 | D12: 8160000 | E12: 8320000 | F12: 8480000 | G12: 8640000 | H12: 8800000
B13: 전세보증금 | C13: 130000000 | D13: 132600000 | E13: 135200000 | F13: 137800000 | G13: 140400000 | H13: 143000000
B14: 부동산
B15: 자동차 | C15: 18000000 | D15: 17900000 | E15: 17800000 | F15: 17700000 | G15: 17600000 | H15: 17500000
B16: 기타자산
B17: 자산 합계 | C17: =SUM(C7:C16) -> 177500000 | D17: =SUM(D7:D16) -> 180590000 | E17: =SUM(E7:E16) -> 183680000 | F17: =SUM(F7:F16) -> 186770000 | G17: =SUM(G7:G16) -> 189860000 | H17: =SUM(H7:H16) -> 192950000 | I17: =SUM(I7:I16) -> 0 | J17: =SUM(J7:J16) -> 0 | ... N17: =SUM(N7:N16) -> 0
B18: 부채
B19: 주택담보대출 | C19: 0 | D19: 0 | E19: 0 | F19: 0 | G19: 0 | H19: 0
B20: 전세자금대출 | C20: 80000000 | D20: 79400000 | E20: 78800000 | F20: 78200000 | G20: 77600000 | H20: 77000000
B21: 신용대출 | C21: 15000000 | D21: 14550000 | E21: 14100000 | F21: 13650000 | G21: 13200000 | H21: 12750000
B22: 마이너스통장 | C22: 5000000 | D22: 4700000 | E22: 4400000 | F22: 4100000 | G22: 3800000 | H22: 3500000
B23: 학자금대출
B24: 자동차 할부
B25: 카드대금
B26: 기타부채
B27: 부채 합계 | C27: =SUM(C19:C26) -> 100000000 | D27: =SUM(D19:D26) -> 98650000 | E27: =SUM(E19:E26) -> 97300000 | F27: =SUM(F19:F26) -> 95950000 | G27: =SUM(G19:G26) -> 94600000 | H27: =SUM(H19:H26) -> 93250000 | I27: =SUM(I19:I26) -> 0 | J27: =SUM(J19:J26) -> 0 | ... N27: =SUM(N19:N26) -> 0
B28: 순자산 | C28: =IF(COUNT(C7:C16)+COUNT(C19:C26)=0,"",C17-C27) -> 77500000 | D28: =IF(COUNT(D7:D16)+COUNT(D19:D26)=0,"",D17-D27) -> 81940000 | E28: =IF(COUNT(E7:E16)+COUNT(E19:E26)=0,"",E17-E27) -> 86380000 | F28: =IF(COUNT(F7:F16)+COUNT(F19:F26)=0,"",F17-F27) -> 90820000 | G28: =IF(COUNT(G7:G16)+COUNT(G19:G26)=0,"",G17-G27) -> 95260000 | H28: =IF(COUNT(H7:H16)+COUNT(H19:H26)=0,"",H17-H27) -> 99700000 | I28: =IF(COUNT(I7:I16)+COUNT(I19:I26)=0,"",I17-I27) | J28: =IF(COUNT(J7:J16)+COUNT(J19:J26)=0,"",J17-J27) | ... N28: =IF(COUNT(N7:N16)+COUNT(N19:N26)=0,"",N17-N27)

Sheet 고정지출·구독
B2: 고정지출 · 구독 관리
B3: 매달 빠져나가는 고정비와 구독을 한곳에 모아 관리하세요. 결제주기를 ‘연’으로 두면 월 환산됩니다.
B5: 항목 | C5: 분류 | D5: 금액 | E5: 결제주기 | F5: 월 환산 | G5: 결제일 | H5: 결제수단 | I5: 자동이체
B6: 월세 | C6: 고정지출 | D6: 600000 | E6: 월 | F6: =IF(D6="","",IF(E6="연",D6/12,D6)) -> 600000 | G6: 25일 | H6: 계좌 | I6: 예
B7: 관리비 | C7: 고정지출 | D7: 150000 | E7: 월 | F7: =IF(D7="","",IF(E7="연",D7/12,D7)) -> 150000 | G7: 30일 | H7: 계좌 | I7: 예
B8: 통신비 (휴대폰) | C8: 고정지출 | D8: 66000 | E8: 월 | F8: =IF(D8="","",IF(E8="연",D8/12,D8)) -> 66000 | G8: 15일 | H8: 카드 | I8: 예
B9: 인터넷·TV | C9: 고정지출 | D9: 22000 | E9: 월 | F9: =IF(D9="","",IF(E9="연",D9/12,D9)) -> 22000 | G9: 15일 | H9: 카드 | I9: 예
B10: 실손보험 | C10: 보험 | D10: 45000 | E10: 월 | F10: =IF(D10="","",IF(E10="연",D10/12,D10)) -> 45000 | G10: 5일 | H10: 계좌 | I10: 예
B11: 자동차보험 | C11: 보험 | D11: 960000 | E11: 연 | F11: =IF(D11="","",IF(E11="연",D11/12,D11)) -> 80000 | G11: 3월 | H11: 카드 | I11: 아니오
B12: 넷플릭스 | C12: 구독 | D12: 17000 | E12: 월 | F12: =IF(D12="","",IF(E12="연",D12/12,D12)) -> 17000 | G12: 10일 | H12: 카드 | I12: 예
B13: 유튜브 프리미엄 | C13: 구독 | D13: 14900 | E13: 월 | F13: =IF(D13="","",IF(E13="연",D13/12,D13)) -> 14900 | G13: 10일 | H13: 카드 | I13: 예
B14: 쿠팡와우 | C14: 구독 | D14: 7890 | E14: 월 | F14: =IF(D14="","",IF(E14="연",D14/12,D14)) -> 7890 | G14: 1일 | H14: 카드 | I14: 예
B15: 클라우드(구글원) | C15: 구독 | D15: 2400 | E15: 월 | F15: =IF(D15="","",IF(E15="연",D15/12,D15)) -> 2400 | G15: 1일 | H15: 카드 | I15: 예
B16: 헬스장 | C16: 구독 | D16: 69000 | E16: 월 | F16: =IF(D16="","",IF(E16="연",D16/12,D16)) -> 69000 | G16: 5일 | H16: 카드 | I16: 예
B17: 도서·뉴스레터 | C17: 구독 | D17: 9900 | E17: 월 | F17: =IF(D17="","",IF(E17="연",D17/12,D17)) -> 9900 | G17: 20일 | H17: 카드 | I17: 예
F18: =IF(D18="","",IF(E18="연",D18/12,D18))
F19: =IF(D19="","",IF(E19="연",D19/12,D19))
F20: =IF(D20="","",IF(E20="연",D20/12,D20))
F21: =IF(D21="","",IF(E21="연",D21/12,D21))
F22: =IF(D22="","",IF(E22="연",D22/12,D22))
F23: =IF(D23="","",IF(E23="연",D23/12,D23))
F24: =IF(D24="","",IF(E24="연",D24/12,D24))
F25: =IF(D25="","",IF(E25="연",D25/12,D25))
B26: 월 합계 | F26: =SUM(F6:F25) -> 1084090
B27: 연 합계 | F27: =F26*12 -> 13009080
B29: 분류별 월 지출
B30: 고정지출 | C30: =SUMIF($C$6:$C$25,B30,$F$6:$F$25) -> 838000
B31: 보험 | C31: =SUMIF($C$6:$C$25,B31,$F$6:$F$25) -> 125000
B32: 구독 | C32: =SUMIF($C$6:$C$25,B32,$F$6:$F$25) -> 121090
B33: 기타 | C33: =SUMIF($C$6:$C$25,B33,$F$6:$F$25) -> 0
